1301/Caigual/21B/100NCD90/DSC_0087.JPG,A-MCA-104K-01/21/13,A-MC7K04K-01/21/13,MCA-1O4K-01/21/13
1301/Upper Lalaja/2A/100NCD60/DSC_1833.JPG,MUL-3545-02/02/13,MUL-3S4S-02/02/13,MUL-3F4F-02/02/13
1301/Upper Lalaja/2B/102NCD90/DSC_0053.JPG,FUL-2V3G-02/02/13,FUL-2V3G-02/02/13,FUL-2V3G-02/02/13
1301/Lower Lalaja/27B/100NCD90/DSC_0085.JPG,FLL-3U8R-01/27/13,FLL-3V8R-01/27/13,FLL-3U8R-01/27/13
1301/Lower Lalaja/28B/100NCD90/DSC_0011.JPG,FLL-4P7R-01/28/13,FLL-4P7R-01/28/13,FLL-4P7R-01/28/13
1301/Lower Lalaja/27A/100NCD60/DSC_1616.JPG,MLL-3-PLAW-01/27/13,MLL-3PLAW-01/27/13,MLL-3P6W-01/27/13
1301/Lower Lalaja/27B/100NCD90/DSC_0004.JPG,FLL-34665-01/27/13,FLL-3Y6G5-01/27/13,FLL-3Y6G-01/27/13
1301/Taylor/23A/100NCD60/DSC_1303.JPG,MTY-2RSR-01/23/13-||||,MTY-2R5R-01/23/13,MTY-2R5R-01/23/13
1301/Taylor/24A/100NCD90/DSC_0040.JPG,FTY-ZB7V-01/24/13,FTY-2B7V-01/24/13,FTY=2B7V-01/24/13
1301/Taylor/23B/100NCD90/DSC_0139.JPG,FTY-IRAP-01/23/13,FTY-1R7P-01/23/13,FTY-1R7P-01/23/13
1301/Upper Lalaja/2A/100NCD60/DSC_1783.JPG,MUL-208-F-02/02/13,MUL-2O8F-02/02/13,MUL-208F-02/02/13
1301/Taylor/23A/100NCD60/DSC_1423.JPG,MTY-4W5P-01/23/13,MTY-4W5P-01/23/13,MTY-4W5P-01/23/13
1301/Lower Lalaja/28B/100NCD90/DSC_0069.JPG,FLL-6086-01/28/13,FLL-6O8G-01/28/13,FLL-6O8G-01/28/13
1301/Taylor/23B/100NCD90/DSC_0047.JPG,FTY-1041-01/23/13,FTY-1O4K-01/23/13,FTY-1O4K-01/23/13
1301/Taylor/23B/100NCD90/DSC_0195.JPG,FTY-ZP8V-01/23/13,FTY-2P8V-01/23/13,FTY-2P8V-01/23/13
1301/Taylor/23B/100NCD90/DSC_0019.JPG,FTY-9074-01/23/13,FTY-9O7Y-01/23/13,FTY-4O7Y-01/23/13
1301/Lower Lalaja/27A/100NCD60/DSC_1677.JPG,MLL-667K-01/27/13,MLL-6G7K-01/27/13,MLL-6G7K-01/27/13
1301/Upper Lalaja/2A/100NCD60/DSC_1896.JPG,26-FUL-6GEG-02/02/13,1-FVLG6EG-02/02/13,FUL-6G8G-02/02/13
1301/Taylor/23A/100NCD60/DSC_1396.JPG,IK2B-01/23/13,1--01/23/13,1
1301/Upper Lalaja/4A/100NCD90/DSC_0077.JPG,FUL-6R8N-002/04/13,FUL-6R8N-002/04/13,FUL-6R8N-002/04/13
1301/Upper Lalaja/2B/102NCD90/DSC_0124.JPG,FUL-ZGSG-2-02/02/13,FUL-2G5G2-02/02/13,FUL-2G5G-02/02/13
1301/Lower Lalaja/28A/100NCD60/DSC_1707.JPG,MLL-TR8W-01/28/13,MLL-1R8W-01/28/13,MLL-1R8W-01/28/13
1301/Taylor/24B/100NCD60/DSC_1524.JPG,FTY-3K6V-01/24/13,FTY-3K6V-01/24/13,FTY-3K6V-01/24/13
1301/Upper Lalaja/2A/100NCD60/DSC_1857.JPG,☆-MUL-117K-02/02/13,MUL-1K7K-02/02/13,MUL-1K7K-02/02/13
1301/Lower Lalaja/28A/100NCD60/DSC_1773.JPG,MLL-3P5V-01/28/13,MLL-3P5V-01/28/13,MLL-3P5V-01/28/13
1301/Taylor/23A/100NCD60/DSC_1430.JPG,Y-MTY-(-445-01/23/13,Y-MT7K445-01/23/13,MTY-1Y4S-01/23/13
1301/Taylor/23B/100NCD90/DSC_0107.JPG,FTY-(-K4P-01/23/13,FTY-1K4P-01/23/13,FTY-1K4P-01/23/13
1301/Taylor/23A/100NCD60/DSC_1298.JPG,MTY-2B7B-01/23/13-M,MTY-2B7B01/23/13-1,MTY-2B7B-01/23/13
1301/Taylor/23B/100NCD90/DSC_0104.JPG,FTY-1G2G-01/23/13,FTY-1G2G-01/23/13,FTY-1G2G-01/23/13
1301/Lower Lalaja/28A/100NCD60/DSC_1728.JPG,MLL-150-01/28/13,MLL-1S0-01/28/13,MLL-1Y5O-01/28/13
1301/Taylor/23B/100NCD90/DSC_0175.JPG,FTY-SP-80-01/23/13,FTY-5P8O-01/23/13,FTY-5P8O-01/23/13
1301/Lower Lalaja/28A/101NCD60/DSC_1709.JPG,1-FLL-5V7P-01/28/13,1-FLLSV7P-01/28/13,FLL-5V7P-01/28/13
1301/Taylor/23A/100NCD60/DSC_1306.JPG,MTY-354-~~-01/23/13,MTY-3S4-01/23/13,MTY-3S4W-01/23/13
1301/Lower Lalaja/27B/100NCD90/DSC_0081.JPG,FLL-QW7V-01/27/13,FLL-QW7V-01/27/13,FLL-2W7V-01/27/13
1301/Lower Lalaja/28A/101NCD60/DSC_1700.JPG,FLL-607-R-01/28/13,FLL-6O7R-01/28/13,FLL-6O7R-01/28/13
1301/Taylor/23A/100NCD60/DSC_1375.JPG,MTY-1W3P-01/23/13,MTY-1W3P-01/23/13,MTY-1W3P-01/23/13
1301/Upper Lalaja/4B/100NCD60/DSC_2010.JPG,MUL-INSE-002/04/13,MUL-1N5F-002/04/13,MUL-1N8F-002/04/13
1301/Caigual/21A/101NCD60/DSC_1093.JPG,FCA-3-R7B-01/21/13,FCA-3R7B-01/21/13,FCA-3R7B-01/21/13
1301/Lower Lalaja/28B/100NCD90/DSC_0047.JPG,FLL-IK-GV-01/28/13,FLL-1K6V-01/28/13,FLL-1K6V-01/28/13
1301/Caigual/21A/101NCD60/DSC_1213.JPG,MCA-5WEV-01/21/13,MCA-5W8V-01/21/13,MCA-5W8V-01/21/13
1301/Lower Lalaja/28A/101NCD60/DSC_1710.JPG,FLL-4R7Y-01/28/13,FLL-4R7Y-01/28/13,FLL-4R7Y-01/28/13
1301/Upper Lalaja/2B/102NCD90/DSC_0131.JPG,FUL-3Y7R-02/02/13,FUL-3Y7R-02/02/13,FUL-3Y7R-02/02/13
1301/Taylor/23A/100NCD60/DSC_1246.JPG,MTY-2G4Y-01/23/13-||,MTY-2G4Y-01/23/13,MTY-2G4Y-01/23/13
1301/Lower Lalaja/27A/100NCD60/DSC_1597.JPG,MLL-1056-01/27/13,MLL-1O5G-01/27/13,MLL-1O5P-01/27/13
1301/Upper Lalaja/4B/100NCD60/DSC_1986.JPG,MUL-IKZY-002/04/13,MUL-1K2Y-002/04/13,MUL-1K2Y-002/04/13
1301/Lower Lalaja/28A/101NCD60/DSC_1729.JPG,B-FLL-3R8W-01/28/13,B-FLLBR8W-01/28/13,FLL-3R8W-01/28/13
1301/Upper Lalaja/4A/100NCD90/DSC_0093.JPG,FLLA-5V7N-01/28/13,FLLA-5V7N-01/28/13,FLL-5V7N-01/28/13
1301/Taylor/23B/100NCD90/DSC_0001.JPG,FTY-4K-7-G-01/23/13,FTY-4K7G-01/23/13,FTY-4K7G-01/23/13
1301/Lower Lalaja/28B/100NCD90/DSC_0021.JPG,FLL-7086-01/28/13,FLL-7O8G-01/28/13,FLL-7O8G-01/28/13
1301/Caigual/21B/100NCD90/DSC_0025.JPG,FCA-X-ZBBW-01/21/13,FCA-XZ3BW-01/21/13,FCA-2B8W-01/21/13
1301/Upper Lalaja/4A/100NCD90/DSC_0111.JPG,FULA-7186-002/04/13,FULA-7K8G-002/04/13,FUL-7W8G-002/04/13
1301/Caigual/21A/101NCD60/DSC_1101.JPG,FCA-3V4W-01/21/13,FCA-3V4W-01/21/13,FCA-3V4W-01/21/13
1301/Taylor/24B/100NCD60/DSC_1467.JPG,FTY-IN35-01/24/13,FTY-1N3S-01/24/13,FTY-1N3S-01/24/13
1301/Upper Lalaja/4B/100NCD60/DSC_2068.JPG,A-FUL-3B4N-002/04/13-B,A-FVLB34N002/04/13-1,FUL-3B4N-002/04/13
1301/Taylor/23A/100NCD60/DSC_1317.JPG,MTY-3B5P-01/23/13,MTY-3B5P-01/23/13,MTY-3B5P-01/23/13
1301/Lower Lalaja/27A/100NCD60/DSC_1638.JPG,MLL-3F5N-01/27/13,MLL-3F5N-01/27/13,MLL-3F5N-01/27/13
1301/Caigual/21A/101NCD60/DSC_1147.JPG,FCA-1K60-01/21/13,FCA-1K6O-01/21/13,FCA-1K6O-01/21/13
1301/Upper Lalaja/4B/100NCD60/DSC_2097.JPG,FUL-4WSW-N-002/04/13,FUL-4W5WN-002/04/13,FUL-4W5W-002/04/13
1301/Caigual/21A/101NCD60/DSC_1111.JPG,FCA-2K5R-01/21/13,FCA-2K5R-01/21/13,FCA-2K5R-01/21/13
1301/Lower Lalaja/28A/100NCD60/DSC_1794.JPG,MLL-ZK60-01/28/13,MLL-2K6O-01/28/13,MLL-2K6O-01/28/13
1301/Lower Lalaja/28A/100NCD60/DSC_1738.JPG,MLL-TK-6V-01/28/13,MLL-1K6V-01/28/13,MLL-1K6V-01/28/13
1301/Taylor/24A/100NCD90/DSC_0053.JPG,FTY-7784-01/24/13,FTY-7Y8Y-01/24/13,FTY-7Y8Y-01/24/13
1301/Upper Lalaja/4B/100NCD60/DSC_2056.JPG,MUL-4150-002/04/13,MUL-4K5O-002/04/13,MUL-4N6O-002/02/13
1301/Caigual/21B/100NCD90/DSC_0083.JPG,FCA-45P7K-01/21/13,FCA-4SPYK-01/21/13,FCA-5P7K-01/21/13
1301/Taylor/23A/100NCD60/DSC_1295.JPG,MTY-153-B-01/23/13,MTY-1S3B-01/23/13,MTY-1S3B-01/23/13
1301/Taylor/23A/100NCD60/DSC_1308.JPG,MTY-ZK8B-218-01/23/13,MTY-2K8B218-01/23/13,MTY-2K8B-01/23/13
1301/Taylor/24A/100NCD90/DSC_0019.JPG,FTY-5667-01/24/13,FTY-5G6Y-01/24/13,FTY-5G6Y-01/24/13
1301/Lower Lalaja/28A/100NCD60/DSC_1702.JPG,MLL-4F50-01/28/13,MLL-4F5O-01/28/13,MLL-4F5O-01/28/13
1301/Taylor/24A/100NCD90/DSC_0007.JPG,FTY-IPUP-01/24/13,FTY-1P4P-01/24/13,FTY-1P4P-01/24/13
1301/Taylor/23B/100NCD90/DSC_0090.JPG,FTY-5080-01/23/13,FTY-5O8O-01/23/13,FTY-5O8O-01/23/13
1301/Lower Lalaja/27A/100NCD60/DSC_1683.JPG,MLL-4K6Y-01/27/13,MLL-4K6Y-01/27/13,MLL-4K6Y-01/27/13
1301/Lower Lalaja/27A/100NCD60/DSC_1645.JPG,MLL-1R8G-01/27/13,MLL-1R8G-01/27/13,MLL-1R8G-01/27/13
1301/Taylor/23A/100NCD60/DSC_1257.JPG,MTY-308-W-01/23/13-||||,MTY-3O8W-01/23/13,MTY-3O8W-01/23/13
1301/Lower Lalaja/27B/100NCD90/DSC_0022.JPG,FLL-20¬B-01-/-27.13,FLL-2O3O1/-1,FLL-2O7B-01/27/13
1301/Upper Lalaja/4B/100NCD60/DSC_2006.JPG,MUL-7W8F-002/04/13,MUL-7W8F-002/04/13,MUL-7W8F-002/04/13
1301/Taylor/23A/100NCD60/DSC_1393.JPG,MTY-4G7B-01/23/13,MTY-4G7B-01/23/13,MTY-4G7B-01/23/13
1301/Taylor/23B/100NCD90/DSC_0186.JPG,FTY-4078-01/23/13,FTY-4O7F-01/23/13,FTY-4O7B-01/23/13
1301/Caigual/21A/101NCD60/DSC_1065.JPG,FCA-1066-01/21/13,FCA-1O6G-01/21/13,FCA-1O6G-01/21/13
1301/Caigual/21B/100NCD90/DSC_0011.JPG,FCA-1W2P-01/21/13,FCA-1W2P-01/21/13,FCA-1W2P-01/21/13
1301/Caigual/21B/100NCD90/DSC_0105.JPG,MCA-6R70-01/21/13,MCA-6R7O-01/21/13,MCA-6R7O-01/21/13
1301/Taylor/23B/100NCD90/DSC_0066.JPG,FTY-357B-01/23/13,FTY-3S7B-01/23/13,FTY-3S7B-01/23/13
1301/Upper Lalaja/2B/102NCD90/DSC_0062.JPG,FUL-3470-02/02/13,FUL-3Y7O-02/02/13,FUL-3Y7O-02/02/13
1301/Lower Lalaja/28A/100NCD60/DSC_1710.JPG,MLL-265G-01/28/13,MLL-2G5G-01/28/13,MLL-2G5G-01/28/13
1301/Upper Lalaja/2B/102NCD90/DSC_0072.JPG,FUL-1P3W-02/02/13,FUL-1P3W-02/02/13,FUL-1P3W-02/02/13
1301/Lower Lalaja/28A/100NCD60/DSC_1789.JPG,€-MLL-146V-01/28/13,MLL-1Y6V-01/28/13,MLL-1Y6V-01/28/13
1301/Taylor/23A/100NCD60/DSC_1418.JPG,MTY-537P-01/23/13,MTY-5B7P-01/23/13,MTY-5S7B-01/23/13
1301/Upper Lalaja/2B/102NCD90/DSC_0121.JPG,FUL-ZW8W-02/02/13,FUL-2W8W-02/02/13,FUL-2W8W-02/02/13
1301/Upper Lalaja/2A/100NCD60/DSC_1888.JPG,FUL-IR-40-02/02/13,FUL-1R4O-02/02/13,FUL-1R4O-02/02/13
1301/Taylor/23B/100NCD90/DSC_0162.JPG,FTY-305G-01/23/13,FTY-3O5G-01/23/13,FTY-3O5G-01/23/13
1301/Lower Lalaja/28A/100NCD60/DSC_1761.JPG,MLL-1024-01/28/13,MLL-1O2Y-01/28/13,MLL-1O2Y-01/28/13
1301/Lower Lalaja/27A/100NCD60/DSC_1652.JPG,MLL-6K70-01/27/13,MLL-6K7O-01/27/13,MLL-6K7O-01/27/13
1301/Caigual/21B/100NCD90/DSC_0028.JPG,FCA-IWZV-01/21/13,FCA-1W2V-01/21/13,FCA-1W2V-01/21/13
1301/Upper Lalaja/2A/100NCD60/DSC_1835.JPG,MUL-1V8P-02/02/13,MUL-1V8P-02/02/13,MUL-1V8P-02/02/13
1301/Taylor/24B/100NCD60/DSC_1488.JPG,FTY-156G-01/24/13,FTY-1S6G-01/24/13,FTY-1S6G-01/24/13
1301/Taylor/23A/100NCD60/DSC_1243.JPG,MTY-3085-01/23/13,MTY-3O8S-01/23/13,MTY-3O8S-01/23/13
1301/Caigual/21B/100NCD90/DSC_0039.JPG,FCA-6YZ-P-01/21/13,FCA-6Y2P-01/21/13,FCA-6Y7P-01/21/13
1301/Taylor/24B/100NCD60/DSC_1503.JPG,FTY-6VZP-01/24/13,FTY-6V2P-01/24/13,FTY-6V7P-01/24/13
1301/Caigual/21B/100NCD90/DSC_0112.JPG,MCA-178-P-01/21/13,MCA-1Y8P-01/21/13,MCA-1Y8R-01/21/13
1301/Upper Lalaja/2B/102NCD90/DSC_0128.JPG,FUL-176-02/02/13,FUL-1Y6-02/02/13,FUL-1Y7G-02/02/13
1301/Upper Lalaja/4B/100NCD60/DSC_2101.JPG,FUL-5760-002/04/13,FUL-5Y6O-002/04/13,FUL-5K6O-002/04/13
1301/Caigual/21A/101NCD60/DSC_1068.JPG,FCA-ZROY-01/21/13,FCA-2ROY-01/21/13,FCA-2R6Y-01/21/13
1301/Lower Lalaja/28B/100NCD90/DSC_0088.JPG,FLL-JF56-01/28/13,FLL-JF5G-01/28/13,FLL-1F5F-01/28/13
1301/Taylor/23A/100NCD60/DSC_1269.JPG,MTY-2R5W-01/23/13,MTY-2R5W-01/23/13,MTY-2R5W-01/23/13
1301/Lower Lalaja/27B/100NCD90/DSC_0069.JPG,FLL-12G7G-01/27/13,FLL-1S6Y6-01/27/13,FLL-1V2G7G-01/27/13
1301/Lower Lalaja/28B/100NCD90/DSC_0101.JPG,FLL-587V-01/28/13,FLL-5F7V-01/28/13,FLL-5P7V-01/28/13
1301/Upper Lalaja/2A/100NCD60/DSC_1922.JPG,FUL-ZG4R-02/02/13,FUL-2G4R-02/02/13,FUL-2G4R-02/02/13
1301/Lower Lalaja/28B/100NCD90/DSC_0018.JPG,FLL-1Y50-01/28/13,FLL-1Y5O-01/28/13,FLL-1Y5O-01/28/13
1301/Upper Lalaja/4B/100NCD60/DSC_2073.JPG,FUL-3R6Y-002/04/13,FUL-3R6Y-002/04/13,FUL-3R6Y-002/04/13
1301/Upper Lalaja/4B/100NCD60/DSC_2001.JPG,MUL-4N5W-002/04/13,MUL-4N5W-002/04/13,MUL-4N5W-002/04/13
1301/Lower Lalaja/27A/100NCD60/DSC_1610.JPG,MLL-BRZU-01/27/13,MLL-3R2V-01/27/13,MLL-3R7V-01/27/13
1301/Lower Lalaja/28A/101NCD60/DSC_1762.JPG,FLL-NEME-01/28/13,FLL-NFMF-01/28/13,FLL-3W7V-01/28/13
1301/Taylor/23B/100NCD90/DSC_0044.JPG,FTY-IV6W-01/23/13,FTY-1V6W-01/23/13,FTY-1V6W-01/23/13
1301/Taylor/23A/100NCD60/DSC_1381.JPG,&-MTY-3R7V-01/23/13,MTY-3R7V-01/23/13,MTY-3R7V-01/23/13
1301/Lower Lalaja/27B/100NCD90/DSC_0059.JPG,FLL-1630-01/27/13,FLL-1G3O-01/27/13,FLL-1F3O-01/27/13
1301/Upper Lalaja/4B/100NCD60/DSC_2069.JPG,FUL-4R5W-002/04/13,FUL-4R5W-002/04/13,FUL-4R5W-002/04/13
1301/Upper Lalaja/2B/102NCD90/DSC_0006.JPG,FUL-2R5G-02/02/13,FUL-2R5G-02/02/13,FUL-2B5G-02/02/13
1301/Upper Lalaja/4B/100NCD60/DSC_2094.JPG,S-FUL-4SGR-002/04/13-J,S-FVLY5GR002/04/13-1,FUL-4S6R-002/04/13
1301/Caigual/21B/100NCD90/DSC_0090.JPG,MCA-SREW-01/21/13-X,MCA-5R8W01/21/13-1,MCA-5R6W-01/21/13
1301/Upper Lalaja/4A/100NCD90/DSC_0026.JPG,MUL-ZRIR-002/04/13,MUL-2R1R-002/04/13,MUL-2R5R-002/04/13
1301/Lower Lalaja/28A/100NCD60/DSC_1774.JPG,MLL-5V7B-01/28/13,MLL-5V7B-01/28/13,MLL-5V7B-01/28/13
1301/Lower Lalaja/27A/100NCD60/DSC_1573.JPG,FLL-547R-01/27/13,FLL-5Y7R-01/27/13,FLL-5Y7R-01/27/13
1301/Upper Lalaja/2A/100NCD60/DSC_1884.JPG,FUL-507W-02/02/13,FUL-5O7W-02/02/13,FUL-5O7W-02/02/13
1301/Taylor/23A/100NCD60/DSC_1346.JPG,MTY-3V45-01/23/13,MTY-3V4S-01/23/13,MTY-3V4S-01/23/13
1301/Taylor/23B/100NCD90/DSC_0135.JPG,FTY-6-G-7-B-01/23/13,FTY-6G7B-01/23/13,FTY-6G7B-01/23/13
1301/Caigual/21B/100NCD90/DSC_0027.JPG,FCA-13P-01/21/13,FCA-1BP-01/21/13,FCA-1W3P-01/21/13
1301/Upper Lalaja/2B/102NCD90/DSC_0090.JPG,*-FUL-1W-6B-02/02/13,FUL-1W6B-02/02/13,FUL-1W6B-02/02/13
1301/Taylor/24B/100NCD60/DSC_1519.JPG,_FTY-3086-01/24/13,FTY-3O8G-01/24/13,FTY-3O8G-01/24/13
1301/Taylor/23A/100NCD60/DSC_1310.JPG,MTY-3W5G-01/23/13-7,MTY-3W5G01/23/13-1,MTY-3W5G-01/23/13
1301/Upper Lalaja/2B/102NCD90/DSC_0069.JPG,FUL-2Y6R-02/02/13,FUL-2Y6R-02/02/13,FUL-2Y6R-02/02/13
1301/Lower Lalaja/27A/100NCD60/DSC_1570.JPG,FLL-3K-8G-01/27/13,FLL-3K8G-01/27/13,FLL-3K8G-01/27/13
1301/Upper Lalaja/4B/100NCD60/DSC_2078.JPG,FUL-4N5G-002/04/13,FUL-4N5G-002/04/13,FUL-4N5G-002/04/13
1301/Taylor/23B/100NCD90/DSC_0169.JPG,FTY-406W-01/23/13,FTY-4O6W-01/23/13,FTY-4O6W-01/23/13
1301/Caigual/21A/101NCD60/DSC_1061.JPG,FCA-4W7V-01/21/13,FCA-4W7V-01/21/13,FCA-4W7V-01/21/13
1301/Taylor/23B/100NCD90/DSC_0184.JPG,FTY-IWGR-01/23/13,FTY-1W6R-01/23/13,FTY-1W6R-01/23/13
1301/Taylor/23A/100NCD60/DSC_1405.JPG,O-MTY-103W-01/23/13,O-MT7K03W-01/23/13,MTY-1O3W-01/23/13
1301/Taylor/23A/100NCD60/DSC_1331.JPG,MTY-2V5V-01/23/13,MTY-2V5V-01/23/13,MTY-2V5V-01/23/13
1301/Taylor/23B/100NCD90/DSC_0172.JPG,FTY-4R6B-01/23/13,FTY-4R6B-01/23/13,FTY-4R6B-01/23/13
1301/Lower Lalaja/28A/100NCD60/DSC_1798.JPG,MLL-407Y-01/28/13,MLL-4O7Y-01/28/13,MLL-4O7Y-01/28/13
1301/Upper Lalaja/4A/100NCD90/DSC_0085.JPG,FUL-3VGP-002/04/13,FUL-3V6P-002/04/13,FUL-3V6P-002/04/13
1301/Caigual/21A/101NCD60/DSC_1130.JPG,FCA-IRSC-01/21/13,FCA-1R5C-01/21/13,FCA-1R8G-01/21/13
1301/Upper Lalaja/4B/100NCD60/DSC_1959.JPG,MUL-1570-002/04/13,MUL-1S7O-002/04/13,MUL-1S7O-002/04/13
1301/Lower Lalaja/28A/101NCD60/DSC_1758.JPG,FLL-•-ZNYF-01/28/13,FLL-2N7F-01/28/13,FLL-2N4F-01/28/13
1301/Lower Lalaja/28A/100NCD60/DSC_1777.JPG,MLL-1Y5P-01/28/13,MLL-1Y5P-01/28/13,MLL-1Y5P-01/28/13
1301/Lower Lalaja/27B/100NCD90/DSC_0077.JPG,FLL-3W8G-01/27/13,FLL-3W8G-01/27/13,FLL-3W8G-01/27/13
1301/Taylor/23B/100NCD90/DSC_0073.JPG,*-FTY-3K8V-01/23/13,FTY-3K8V-01/23/13,FTY-3K8V-01/23/13
1301/Lower Lalaja/28A/100NCD60/DSC_1749.JPG,MLL-ZY7G-01/28/13,MLL-2Y7G-01/28/13,MLL-2Y7G-01/28/13
1301/Caigual/21A/101NCD60/DSC_1197.JPG,MCA-4066-01/21/13-||,MCA-4O6G-01/21/13,MCA-4O6G-01/21/13
1301/Lower Lalaja/27B/100NCD90/DSC_0091.JPG,FLL-168W-01/27/13,FLL-1G8W-01/27/13,FLL-1G8W-01/27/13
1301/Lower Lalaja/28A/101NCD60/DSC_1726.JPG,FLL-IRGF-01/28/13,FLL-1R6F-01/28/13,FLL-1R6F-01/28/13
1301/Caigual/21A/101NCD60/DSC_1097.JPG,FCA-7086-01/21/13,FCA-7O8G-01/21/13,FCA-7V8G-01/21/13
1301/Caigual/21B/100NCD90/DSC_0101.JPG,D-MCA-2V6Y-01/21/13,D-MC7SV6Y-01/21/13,MCA-2V6Y-01/21/13
1301/Caigual/21A/101NCD60/DSC_1182.JPG,MCA-4-KG-V-01/21/13,MCA-4K6V-01/21/13,MCA-4K6V-01/21/13
1301/Caigual/21A/101NCD60/DSC_1057.JPG,FCA-1G3W-01/21/13,FCA-1G3W-01/21/13,FCA-1G3W-01/21/13
1301/Taylor/23B/100NCD90/DSC_0170.JPG,FTY-418-G-01/23/13,FTY-4K8G-01/23/13,FTY-4V8G-01/23/13
1301/Lower Lalaja/27A/100NCD60/DSC_1625.JPG,MLL-IWZR-01/27/13,MLL-1W2R-01/27/13,MLL-1W2R-01/27/13
1301/Caigual/21A/101NCD60/DSC_1172.JPG,MCA-366-01/21/13-P,MCA-3G6O1/21/13-1,MCA-3W6R-01/21/13
1301/Upper Lalaja/2B/102NCD90/DSC_0074.JPG,FUL-2B3N-02/02/13,FUL-2B3N-02/02/13,FUL-2B3N-02/02/13
1301/Upper Lalaja/4A/100NCD90/DSC_0033.JPG,FUL-GUAK-002/04/13,FUL-6V7K-002/04/13,FUL-6V7K-002/04/13
1301/Upper Lalaja/2A/100NCD60/DSC_1848.JPG,MUL-1465-02/02/13,MUL-1Y6S-02/02/13,MUL-1G6S-02/02/13
1301/Lower Lalaja/28B/100NCD90/DSC_0086.JPG,FLL-2680-01/28/13,FLL-2G8O-01/28/13,FLL-2F8O-01/28/13
1301/Upper Lalaja/4A/100NCD90/DSC_0024.JPG,FUL-168N-002/04/13,FUL-1G8N-002/04/13,FUL-1G8N-002/04/13
1301/Lower Lalaja/27B/100NCD90/DSC_0006.JPG,FLL-4YAK-01/27/13,FLL-4Y7K-01/27/13,FLL-4Y7K-01/27/13
1301/Taylor/23B/100NCD90/DSC_0069.JPG,FTY-6-5-7-G-01/23/13,FTY-6S7G-01/23/13,FTY-6S7G-01/23/13
1301/Caigual/21A/101NCD60/DSC_1179.JPG,MCA-IWUG-01/21/13,MCA-1W4G-01/21/13,MCA-1W4G-01/21/13
1301/Upper Lalaja/4B/100NCD60/DSC_2066.JPG,FUL-2V3N-002/04/13,FUL-2V3N-002/04/13,FUL-2V3N-002/04/13
1301/Taylor/24B/100NCD60/DSC_1499.JPG,FTY-11274-01/24/13,FTY-1K2Y4-01/24/13,FTY-1K7Y-01/24/13
1301/Lower Lalaja/28B/100NCD90/DSC_0091.JPG,FLL-01/28/13,FLL--01/28/13,FLL-5F8V-01/28/13
1301/Upper Lalaja/2B/102NCD90/DSC_0097.JPG,FUL-406R-02/02/13,FUL-4O6R-02/02/13,FUL-4O6R-02/02/13
1301/Lower Lalaja/28B/100NCD90/DSC_0033.JPG,FLL-6P7B-01/28/13,FLL-6P7B-01/28/13,FLL-6P7B-01/28/13
1301/Lower Lalaja/28A/100NCD60/DSC_1723.JPG,1-!-MLL-4160-01/28/13-|||-|||,1-MLLY160-01/28/13,MLL-4V6O-01/28/13
1301/Taylor/23B/100NCD90/DSC_0025.JPG,FTY-2354-01/23/13,FTY-2B5Y-01/23/13,FTY-2B5Y-01/23/13
1301/Taylor/24B/100NCD60/DSC_1458.JPG,FTY-5B60-01/24/13,FTY-5B6O-01/24/13,FTY-5B6O-01/24/13
1301/Upper Lalaja/4B/100NCD60/DSC_2111.JPG,FUL-ZPGN-002/04/13,FUL-2P6N-002/04/13,FUL-2P6N-002/04/13
1301/Taylor/23A/100NCD60/DSC_1382.JPG,MTY-ZVEP-01/23/13,MTY-2V8P-01/23/13,MTY-2V8O-01/23/13
1301/Upper Lalaja/2A/100NCD60/DSC_1849.JPG,MUL-1Y6Y-02/02/13,MUL-1Y6Y-02/02/13,MUL-1Y6Y-02/02/13
1301/Lower Lalaja/27A/100NCD60/DSC_1561.JPG,FLL-2G4F-01/27/13,FLL-2G4F-01/27/13,FLL-2G4F-01/27/13
1301/Upper Lalaja/4A/100NCD90/DSC_0096.JPG,FUL-3G---4R-002/04/13,FUL-3G4R-002/04/13,FUL-3G4R-002/04/13
1301/Upper Lalaja/2A/100NCD60/DSC_1840.JPG,MUL-TV4P-02/02/13,MUL-1V4P-02/02/13,MUL-1V4P-02/02/13
1301/Lower Lalaja/28A/101NCD60/DSC_1724.JPG,FLL-304W-01/28/13,FLL-3O4W-01/28/13,FLL-3O4W-01/28/13
1301/Caigual/21B/100NCD90/DSC_0052.JPG,FCA-4P-70-01/21/13,FCA-4P7O-01/21/13,FCA-4P7O-01/21/13
1301/Upper Lalaja/2B/102NCD90/DSC_0064.JPG,FUL-1047-02/02/13,FUL-1O4Y-02/02/13,FUL-1O4Y-02/02/13
1301/Lower Lalaja/28A/100NCD60/DSC_1742.JPG,MLL-4R7R-01/28/13,MLL-4R7R-01/28/13,MLL-4R7R-01/28/13
1301/Taylor/23B/100NCD90/DSC_0150.JPG,FTY-2V-3V-01/23/13,FTY-2V3V-01/23/13,FTY-2V3V-01/23/13
1301/Upper Lalaja/2A/100NCD60/DSC_1841.JPG,MUL-3048-02/02/13,MUL-3O4F-02/02/13,MUL-3O4R-02/02/13
1301/Lower Lalaja/27A/100NCD60/DSC_1682.JPG,MLL-2F3R-01/27/13,MLL-2F3R-01/27/13,MLL-2F3R-01/27/13
1301/Lower Lalaja/28A/100NCD60/DSC_1719.JPG,MLL-4071-/-01/28/13,MLL-4O7K/-01/28/13,MLL-4O7K-01/28/13
1301/Caigual/21B/100NCD90/DSC_0017.JPG,FCA-X-IRBY-01/21/13,FCA-XKRB7-01/21/13,FCA-1R8Y-01/21/13
1301/Lower Lalaja/27B/100NCD90/DSC_0043.JPG,*-SB6-B7R-01/27/13-FLL,1-3YRO1/27/13-1,FLL-5B6B7R-01/27/13
1301/Caigual/21A/101NCD60/DSC_1127.JPG,MCA-3W6V-01/21/13,MCA-3W6V-01/21/13,MCA-3W6V-01/21/13
1301/Lower Lalaja/28B/100NCD90/DSC_0078.JPG,FLL-SF60-01/28/13,FLL-5F6O-01/28/13,FLL-5F6O-01/28/13
1301/Upper Lalaja/2B/102NCD90/DSC_0129.JPG,FUL-1340-02/02/13,FUL-1B4O-02/02/13,FUL-1B4O-02/02/13
1301/Taylor/23B/100NCD90/DSC_0140.JPG,FTY-IK-5-V-01/23/13,FTY-1K5V-01/23/13,FTY-1K5V-01/23/13
1301/Taylor/23B/100NCD90/DSC_0188.JPG,FTY-IP2W-01/23/13,FTY-1P2W-01/23/13,FTY-1P2W-01/23/13
1301/Taylor/23A/100NCD60/DSC_1328.JPG,MTY-3K448K-01/23/13,MTY-3K4Y8K-01/23/13,MTY-3K4G8K-01/23/13
1301/Upper Lalaja/2B/102NCD90/DSC_0021.JPG,FUL-LYUK-02/02/13,FUL-LY4K-02/02/13,FUL-1Y4K-02/02/13
1301/Lower Lalaja/28A/100NCD60/DSC_1753.JPG,MLL-TY6P-01/28/13,MLL-1Y6P-01/28/13,MLL-1Y6P-01/28/13
1301/Lower Lalaja/28B/100NCD90/DSC_0043.JPG,FLL-5RGY-01/28/13,FLL-5R6Y-01/28/13,FLL-5R6Y-01/28/13
1301/Lower Lalaja/28B/100NCD90/DSC_0026.JPG,FLL-6K-8-K-01/28/13,FLL-6K8K-01/28/13,FLL-6K8K-01/28/13
1301/Lower Lalaja/28A/101NCD60/DSC_1733.JPG,FLL-5060-01/28/13,FLL-5O6O-01/28/13,FLL-5O6O-01/28/13
1301/Lower Lalaja/27A/100NCD60/DSC_1555.JPG,FLL-5B6P-01/27/13,FLL-5B6P-01/27/13,FLL-5B6P-01/27/13
1301/Lower Lalaja/27B/100NCD90/DSC_0032.JPG,FLL-4K-SK-01/27/13,FLL-4K5K-01/27/13,FLL-4K8K-01/27/13
1301/Caigual/21B/100NCD90/DSC_0060.JPG,FCA-IRGV-01/21/13,FCA-1R6V-01/21/13,FCA-1R6V-01/21/13
1301/Caigual/21A/101NCD60/DSC_1109.JPG,FCA-4R7R-01/21/13,FCA-4R7R-01/21/13,FCA-4R7R-01/21/13
1301/Lower Lalaja/27A/100NCD60/DSC_1620.JPG,MLL-3FGR-01/27/13,MLL-3F6R-01/27/13,MLL-3F6R-01/27/13
1301/Upper Lalaja/2B/102NCD90/DSC_0018.JPG,FUL-JY4N-02/02/13,FUL-JY4N-02/02/13,FUL-1Y4N-02/02/13
1301/Upper Lalaja/2A/100NCD60/DSC_1877.JPG,A-FUL-2565-02/02/13,A-FVLS565-02/02/13,FUL-2S6S-02/02/13
1301/Lower Lalaja/28A/101NCD60/DSC_1754.JPG,FLL-ZWYW-01/28/13,FLL-2W7W-01/28/13,FLL-2W4S-01/28/13
1301/Lower Lalaja/27A/100NCD60/DSC_1631.JPG,MLL-1K8P-01/27/13,MLL-1K8P-01/27/13,MLL-1K8P-01/27/13
1301/Lower Lalaja/28B/100NCD90/DSC_0020.JPG,FLL-387R-01/28/13,FLL-3F7R-01/28/13,FLL-3B7R-01/28/13
1301/Lower Lalaja/27A/100NCD60/DSC_1549.JPG,FLL-102070-01/27/13,FLL-1O2O70-01/27/13,FLL-1O2O7P-01/27/13
1301/Caigual/21A/101NCD60/DSC_1103.JPG,FCA-3R4G-01/21/13,FCA-3R4G-01/21/13,FCA-3R4G-01/21/13
1301/Upper Lalaja/2A/100NCD60/DSC_1880.JPG,FUL-0307W-02/02/13,FUL-0B0YW-02/02/13,FUL-2O3O7W-02/02/13
1301/Caigual/21B/100NCD90/DSC_0033.JPG,FCA-3281-01/21/13,FCA-3S8K-01/21/13,FCA-3R8Y-01/21/13
1301/Taylor/23B/100NCD90/DSC_0016.JPG,FTY-*-4V7W-01/23/13,FTY-4V7W-01/23/13,FTY-4V7W-01/23/13
1301/Upper Lalaja/2A/100NCD60/DSC_1856.JPG,MUL-4181-02/02/13,MUL-4K8K-02/02/13,MUL-4V8K-02/02/13
1301/Upper Lalaja/2A/100NCD60/DSC_1855.JPG,MUL-305B-02/02/13,MUL-3O5B-02/02/13,MUL-3O5B-02/02/13
1301/Lower Lalaja/27A/100NCD60/DSC_1564.JPG,FLL-3450-01/27/13,FLL-3Y5O-01/27/13,FLL-3Y5O-01/27/13
1301/Caigual/21A/101NCD60/DSC_1066.JPG,FCA-2R66-01/21/13,FCA-2R6G-01/21/13,FCA-2R6G-01/21/13
1301/Lower Lalaja/28A/100NCD60/DSC_1807.JPG,MLL-6-G-7-G-01/28/13,MLL-6G7G-01/28/13,MLL-6G7G-01/28/13
1301/Lower Lalaja/28B/100NCD90/DSC_0024.JPG,FLL-3NAF-01/28/13,FLL-3N7F-01/28/13,FLL-3N7F-01/28/13
1301/Lower Lalaja/28B/100NCD90/DSC_0085.JPG,FLL-4Y5V-01/28/13,FLL-4Y5V-01/28/13,FLL-4Y5V-1/28/13
1301/Upper Lalaja/2A/100NCD60/DSC_1869.JPG,MUL-IVBY-02/02/13,MUL-1V3Y-02/02/13,MUL-1V8Y-02/02/13
1301/Taylor/23A/100NCD60/DSC_1320.JPG,MTY-3B5B-01/23/13,MTY-3B5B-01/23/13,MTY-3B5B-01/23/13
1301/Lower Lalaja/27A/100NCD60/DSC_1566.JPG,LI-3483-01/27/13,LI-3Y8B-01/27/13,FLL-3Y8B-01/27/13
1301/Upper Lalaja/4B/100NCD60/DSC_2054.JPG,MUL-IFZR-002/04/13,MUL-1F2R-002/04/13,MUL-1F2R-002/04/13
1301/Upper Lalaja/2A/100NCD60/DSC_1790.JPG,MUL-2V5V-02/02/13,MUL-2V5V-02/02/13,MUL-2V5V-02/02/13
1301/Upper Lalaja/4B/100NCD60/DSC_2117.JPG,FUL-184K-002/04/13,FUL-1F4K-002/04/13,FUL-1B4K-002/04/13
1301/Caigual/21B/100NCD90/DSC_0058.JPG,FCA-4R8G-01/21/13,FCA-4R8G-01/21/13,FCA-4R8G-01/21/13
1301/Lower Lalaja/27B/100NCD90/DSC_0095.JPG,FLL-WX4W-01/27/13-D,FLL-WX4W01/27/13-1,FLL-1K4W-01/27/13
1301/Caigual/21B/100NCD90/DSC_0086.JPG,MCA-GR7R-01/21/13,MCA-6R7R-01/21/13,MCA=6R7R-01/21/13
1301/Taylor/23B/100NCD90/DSC_0078.JPG,FTY-4950-01/23/13,FTY-495O-01/23/13,FTY-4P5O-01/23/13
1301/Taylor/24B/100NCD60/DSC_1516.JPG,FTY-3G8P-01/24/13,FTY-3G8P-01/24/13,FFTY-3G8P-01/24/13
1301/Caigual/21B/100NCD90/DSC_0102.JPG,☆-MCA-406B-01/21/13,MCA-4O6B-01/21/13,MCA-4O6B-01/21/13
1301/Lower Lalaja/28A/100NCD60/DSC_1812.JPG,FLL-5470-01/28/13-20,FLL-5Y7O01/28/13-1,FLL-5Y7O-01/28/13
1301/Taylor/23B/100NCD90/DSC_0070.JPG,*-FTY-(-WGS-01/23/13,FTY-1W6S-01/23/13,FTY-1W6S-01/23/13
1301/Upper Lalaja/2B/102NCD90/DSC_0008.JPG,FUL-ZVSG-02/02/13,FUL-2V5G-02/02/13,FUL-2V5G-02/02/13
1301/Taylor/23A/100NCD60/DSC_1355.JPG,MTY-0-1-K2-K-ZR-01/23/13,MTY-0KKSKZR-01/23/13,MTY-1K2K7R-01/23/13
1301/Taylor/23B/100NCD90/DSC_0021.JPG,FTY-★-1445-01/23/13,FTY-1Y4S-01/23/13,FTY-1Y4S-01/23/13
1301/Lower Lalaja/28B/100NCD90/DSC_0013.JPG,FLL-2R8B-01/28/13,FLL-2R8B-01/28/13,FLL-2R8B-01/28/13
1301/Taylor/23A/100NCD60/DSC_1330.JPG,MTY-6P7W-01/23/13,MTY-6P7W-01/23/13,MTY-6P7W-01/23/13
1301/Lower Lalaja/27A/100NCD60/DSC_1680.JPG,MLL-2Y60-01/27/13,MLL-2Y6O-01/27/13,MLL-2Y6O-01/27/13
1301/Upper Lalaja/4B/100NCD60/DSC_2124.JPG,FUL-2W76-002/04/13,FUL-2W7G-002/04/13,FUL-2W7G-002/04/13
1301/Caigual/21A/101NCD60/DSC_1058.JPG,FCA-2R7B-01/21/13,FCA-2R7B-01/21/13,FCA-2R7B-01/21/13
1301/Upper Lalaja/4B/100NCD60/DSC_2133.JPG,FUL-104K-002/04/13-WW,FUL-1O4K002/04/13-1,FUL-1O4K-002/04/13
1301/Upper Lalaja/4A/100NCD90/DSC_0107.JPG,FUL-1-/-3F-002/04/13,FUL-1/3F-002/04/13,FUL-1Y3F-002/04/13
1301/Taylor/23B/100NCD90/DSC_0132.JPG,FTY-184P-01/23/13,FTY-1F4P-01/23/13,FTY-1R4P-01/23/13
1301/Taylor/23B/100NCD90/DSC_0050.JPG,FTY-305K-01/23/13,FTY-3O5K-01/23/13,FTY-3O5K-01/23/13
1301/Upper Lalaja/4B/100NCD60/DSC_2026.JPG,MUL-ZEYN-002/04/13,MUL-2F7N-002/04/13,MUL-2F4N-002/04/13
1301/Caigual/21A/101NCD60/DSC_1138.JPG,FCA-ZR7W-01/21/13,FCA-2R7W-01/21/13,FCA-2R7W-01/21/13
1301/Upper Lalaja/4B/100NCD60/DSC_2050.JPG,O-MUL-5F8-002/04/13,O-MVLSF8-002/04/13,MUL-5F8W-002/04/13
1301/Lower Lalaja/28A/100NCD60/DSC_1760.JPG,MLL-17278B-01/28/13,MLL-1Y2Y8B-01/28/13,MLL-1Y2Y8B-01/28/13
1301/Taylor/23B/100NCD90/DSC_0160.JPG,*-FTY-4076-01/23/13,FTY-4O7G-01/23/13,FTY-4O7G-01/23/13
1301/Lower Lalaja/28A/100NCD60/DSC_1799.JPG,MLL-2F4G-01/28/13,MLL-2F4G-01/28/13,MLL-2F4G-01/28/13
1301/Lower Lalaja/28A/100NCD60/DSC_1793.JPG,MLL-IF8W-01/28/13,MLL-1F8W-01/28/13,MLL-1F8W-01/28/13
1301/Upper Lalaja/2A/100NCD60/DSC_1792.JPG,MUL-206B-P-02/02/13,MUL-2O6BP-02/02/13,MUL-2O6B-02/02/13
1301/Taylor/23A/100NCD60/DSC_1424.JPG,MTY-567W-01/23/13,MTY-5G7W-01/23/13,MTY-5G7W-01/23/13
1301/Taylor/23A/100NCD60/DSC_1323.JPG,MTY-2B6W-01/23/13,MTY-2B6W-01/23/13,MTY-2B6W-01/23/13
1301/Lower Lalaja/28A/101NCD60/DSC_1705.JPG,FLL-3Y7B-01/28/13,FLL-3Y7B-01/28/13,FLL-3Y7B-01/28/13
1301/Lower Lalaja/28B/100NCD90/DSC_0053.JPG,FLL-ZVSR-01/28/13,FLL-2V5R-01/28/13,FLL-2V5R-01/28/13
1301/Caigual/21A/101NCD60/DSC_1114.JPG,FCA-ZV4W-01/21/13,FCA-2V4W-01/21/13,FCA-2V4W-01/21/13
1301/Taylor/23B/100NCD90/DSC_0163.JPG,FTY-IR3P-01/23/13,FTY-1R3P-01/23/13,FTY-1R3P-01/23/13
1301/Caigual/21A/101NCD60/DSC_1171.JPG,MCA-2060-01/21/13,MCA-2O6O-01/21/13,MCA-2O6O-01/21/13
1301/Upper Lalaja/2A/100NCD60/DSC_1785.JPG,EX-MUL-2B6K-02/02/13,EX-MVLS36K-02/02/13,MUL-2B6K-02/02/13
1301/Lower Lalaja/28A/100NCD60/DSC_1811.JPG,Q-FLL-3B5R-01/28/13,Q-FLLB35R-01/28/13,FLL-3B5R-01/28/13
1301/Lower Lalaja/27A/100NCD60/DSC_1536.JPG,FLL-3BSP-01/27/13-|||,FLL-3B5P-01/27/13,FLL-3B5P-01/27/13
1301/Taylor/24B/100NCD60/DSC_1498.JPG,Ģ-1176-01/24/13,1--01/24/13,FTY-1V7G-01/24/13
1301/Caigual/21A/101NCD60/DSC_1229.JPG,MCA-IYAY-01/21/13,MCA-1Y7Y-01/21/13,MCA-1Y8Y-01/21/13
1301/Taylor/23B/100NCD90/DSC_0137.JPG,FTY-IVGR-01/23/13,FTY-1V6R-01/23/13,FTY-1V6R-01/23/13
1301/Upper Lalaja/4B/100NCD60/DSC_2070.JPG,R-FUL-2K3N-002/04/13,R-FVLSK3N-002/04/13,FUL-2K3N-002/04/13
1301/Caigual/21A/101NCD60/DSC_1129.JPG,FCA-1076-01/21/13,FCA-1O7G-01/21/13,FCA-1O7W-01/21/13
1301/Lower Lalaja/28B/100NCD90/DSC_0031.JPG,P-FLL-1P8B-01/28/13,P-FLLKP8B-01/28/13,FLL-1P8B-01/28/13
1301/Taylor/24B/100NCD60/DSC_1529.JPG,3-FTY-2W53-01/24/13,1-FT7SW53-01/24/13,FTY-2W5S-01/24/13
1301/Lower Lalaja/28A/100NCD60/DSC_1820.JPG,FLL-R-5K6W-01/28/13,FLL-RSKGW-01/28/13,FLL-5K6W-01/28/13
1301/Upper Lalaja/2A/100NCD60/DSC_1901.JPG,FUL-408-N-02/02/13,FUL-4O8N-02/02/13,FUL-4O8N-02/02/13
1301/Caigual/21A/101NCD60/DSC_1168.JPG,MCA-1030-01/21/13,MCA-1O3O-01/21/13,MCA-1O3O-01/21/13
1301/Lower Lalaja/27B/100NCD90/DSC_0002.JPG,FLL-206B-01/27/13,FLL-2O6B-01/27/13,FLL-2O6B-01/27/13
1301/Upper Lalaja/2A/100NCD60/DSC_1843.JPG,MUL-3WSN-02/02/13,MUL-3W5N-02/02/13,MUL-3W5N-02/02/13
1301/Upper Lalaja/4B/100NCD60/DSC_2081.JPG,FUL-IV2Y-002/04/13,FUL-1V2Y-002/04/13,FUL-1V2Y-002/04/13
1301/Lower Lalaja/28A/101NCD60/DSC_1743.JPG,MFLL-ZF5K-01/28/13,MFLL-2F5K-01/28/13,MLL-2F5K-01/28/13
1301/Upper Lalaja/4B/100NCD60/DSC_2091.JPG,FUL-ZNGB-002/04/13,FUL-2N6B-002/04/13,FUL-2N6B-002/04/13
1301/Lower Lalaja/28A/101NCD60/DSC_1715.JPG,FLL-IF-8G-01/28/13,FLL-1F8G-01/28/13,FLL-1F8G-01/28/13
1301/Lower Lalaja/28B/100NCD90/DSC_0040.JPG,FLL-4P70-01/28/13,FLL-4P7O-01/28/13,FLL-4P7O-01/28/13
1301/Lower Lalaja/27A/100NCD60/DSC_1562.JPG,FLL-6B7Y-01/27/13,FLL-6B7Y-01/27/13,FLL-6B7Y-01/27/13
1301/Lower Lalaja/27B/100NCD90/DSC_0049.JPG,FLL-4YSB-01/27/13,FLL-4Y5B-01/27/13,FLL-4Y5B-01/27/13
1301/Taylor/23B/100NCD90/DSC_0017.JPG,FTY-*-6V-74-01/23/13,FTY-6V7Y-01/23/13,FTY-6V7Y-01/23/13
1301/Caigual/21B/100NCD90/DSC_0093.JPG,MCA-3W6B-01/21/13,MCA-3W6B-01/21/13,MCA-3W6B-01/21/13
1301/Taylor/24B/100NCD60/DSC_1452.JPG,FTY-4870-01/24/13,FTY-4F7O-01/24/13,FTY-4R7O-01/24/13
1301/Lower Lalaja/27A/100NCD60/DSC_1574.JPG,FLL-GUAY-01/27/13,FLL-6V7Y-01/27/13,FLL-4V7Y-01/27/13
1301/Upper Lalaja/4B/100NCD60/DSC_2104.JPG,FUL-718V-002/04/13,FUL-7K8V-002/04/13,FUL-7K8V-002/04/13
1301/Lower Lalaja/27A/100NCD60/DSC_1599.JPG,MLL-1V7Y-01/27/13,MLL-1V7Y-01/27/13,MLL-1V7Y-01/27/13
1301/Upper Lalaja/2B/102NCD90/DSC_0073.JPG,FUL-2K3Y-02/02/13,FUL-2K3Y-02/02/13,FUL-2K3Y-02/02/13
1301/Taylor/23A/100NCD60/DSC_1293.JPG,MTY-ZB5P-01/23/13,MTY-2B5P-01/23/13,TY-2B5P-01/23/13
1301/Upper Lalaja/2B/102NCD90/DSC_0104.JPG,FUL-ZUZR-02/02/13,FUL-2V2R-02/02/13,FUL-2V3R-02/02/13
1301/Upper Lalaja/2A/100NCD60/DSC_1897.JPG,FUL-3F8G-02/02/13,FUL-3F8G-02/02/13,FUL-3F8G-02/02/13
1301/Caigual/21B/100NCD90/DSC_0068.JPG,FCA-407R-01/21/13,FCA-4O7R-01/21/13,FCA-4O7R-01/21/13
1301/Caigual/21B/100NCD90/DSC_0051.JPG,FCA-6K7G-01/21/13,FCA-6K7G-01/21/13,FCA-6K7G-01/21/13
1301/Lower Lalaja/27A/100NCD60/DSC_1553.JPG,FLL-6-PB-P-01/27/13,FLL-6P3P-01/27/13,FLL-6P8P-01/27/13
1301/Lower Lalaja/27A/100NCD60/DSC_1545.JPG,FLL-4767-.-01/27/13,FLL-4Y6Y-01/27/13,FLL-4Y6Y-01/27/13
1301/Lower Lalaja/27B/100NCD90/DSC_0042.JPG,FLL-3R6G-01/27/13,FLL-3R6G-01/27/13,FLL-3R6G-01/27/13
1301/Upper Lalaja/2A/100NCD60/DSC_1787.JPG,MUL-265F-02/02/13,MUL-2G5F-02/02/13,MUL-2G5F-02/02/13
1301/Lower Lalaja/27A/100NCD60/DSC_1590.JPG,MLL-IF3W-01/27/13,MLL-1F3W-01/27/13,MLL-1F3W-01/27/13
1301/Upper Lalaja/4B/100NCD60/DSC_2014.JPG,MLL-538-F-01/28/13-||||,MLL-5B8F-01/28/13,MLL-5S8F-01/28/13
1301/Upper Lalaja/2A/100NCD60/DSC_1907.JPG,FUL-1K3G-30-02/02/13,FUL-1K3G30-02/02/13,FUL-1K3G-02/02/13
1301/Upper Lalaja/2A/100NCD60/DSC_1876.JPG,FUL-5N8W-02/02/13,FUL-5N8W-02/02/13,FUL-5N8W-02/02/13
1301/Caigual/21A/101NCD60/DSC_1225.JPG,MCA-3Y4R-01/21/13,MCA-3Y4R-01/21/13,MCA-3Y4R-01/21/13
1301/Taylor/23A/100NCD60/DSC_1354.JPG,MTY-D-1365-01/23/13-200,MTY-DK3G501/23/13-1,MTY-1B6S-01/23/13
1301/Caigual/21A/101NCD60/DSC_1059.JPG,08-FCA-1B4Y-01/21/13,1-FC7K34Y-01/21/13,FCA-1B4Y-01/21/13
1301/Caigual/21B/100NCD90/DSC_0074.JPG,FCA-1660-01/21/13,FCA-1G6O-01/21/13,FCA-1W6O-01/21/13
1301/Taylor/23A/100NCD60/DSC_1247.JPG,MTY-SK6B-01/23/13,MTY-5K6B-01/23/13,MTY-5K6B-01/23/13
1301/Taylor/23B/100NCD90/DSC_0112.JPG,FTY-4W-60-01/23/13,FTY-4W6O-01/23/13,FTY-4W6O-01/23/13
1301/Upper Lalaja/2B/102NCD90/DSC_0056.JPG,FUL-3PSW-02/02/13,FUL-3P5W-02/02/13,FUL-3P5W-02/02/13
1301/Taylor/23B/100NCD90/DSC_0096.JPG,FTY-7585-01/23/13,FTY-7S8S-01/23/13,FTY-7S8S-01/23/13
1301/Upper Lalaja/2B/102NCD90/DSC_0035.JPG,FULD-3K8W-02/02/13,FULD-3K8W-02/02/13,FUL-3K8W-02/02/13
1301/Caigual/21A/101NCD60/DSC_1212.JPG,MCA-&-4Y7V-01/21/13,MCA-4Y7V-01/21/13,MCA-4Y7V-01/21/13
1301/Lower Lalaja/28B/100NCD90/DSC_0113.JPG,FLL-IFGG-01/28/13,FLL-1F6G-01/28/13,FLL-1F6G-01/28/13
1301/Lower Lalaja/28A/101NCD60/DSC_1753.JPG,FLL-SN7F-01/28/13,FLL-5N7F-01/28/13,FLL-5N7F-01/28/13
1301/Upper Lalaja/4A/100NCD90/DSC_0040.JPG,FUL-3V4N-002/04/13,FUL-3V4N-002/04/13,FUL-3V4N-002/04/13
1301/Upper Lalaja/2B/102NCD90/DSC_0024.JPG,FUL-3N7R-02/02/13,FUL-3N7R-02/02/13,FUL-3N7R-02/02/13
1301/Lower Lalaja/28A/100NCD60/DSC_1725.JPG,MLL-6P-7-V-01/28/13,MLL-6P7V-01/28/13,MLL-6P7V-01/28/13
1301/Caigual/21A/101NCD60/DSC_1062.JPG,FCA-1W6P-01/21/13,FCA-1W6P-01/21/13,FCA-1W6P-01/21/13
1301/Caigual/21A/101NCD60/DSC_1096.JPG,FCA-4V8K-01/21/13,FCA-4V8K-01/21/13,FCA-4V8K-01/21/13
1301/Caigual/21A/101NCD60/DSC_1207.JPG,MCA-5B7V-01/21/13,MCA-5B7V-01/21/13,MCA-5B7V-01/21/13
1301/Lower Lalaja/28A/100NCD60/DSC_1690.JPG,MLL-208G-01/28/13,MLL-2O8G-01/28/13,MLL-2O8G-01/28/13
1301/Caigual/21A/101NCD60/DSC_1067.JPG,FCA-407W-01/21/13,FCA-4O7W-01/21/13,FCA-4O7W-01/21/13
1301/Upper Lalaja/4B/100NCD60/DSC_1992.JPG,MUL-3N6B-002/04/13-|||,MUL-3N6B-002/04/13,MUL-3N6B-002/04/13
1301/Lower Lalaja/27A/100NCD60/DSC_1601.JPG,MLL-3GFF-01/27/13-M,MLL-3GFF01/27/13-1,MLL-3G7F-01/27/13
1301/Upper Lalaja/2B/102NCD90/DSC_0068.JPG,FUL-2W5V-02/02/13,FUL-2W5V-02/02/13,FUL-2W5V-02/02/13
1301/Lower Lalaja/27B/100NCD90/DSC_0050.JPG,FLL-2YSV-SU-01/27/13,FLL-2Y5V5U-01/27/13,FLL-2Y5V-01/27/13
1301/Lower Lalaja/27A/100NCD60/DSC_1586.JPG,MLL-1550-01/27/13,MLL-1S5O-01/27/13,MLL-2F5O-01/27/13
1301/Taylor/23A/100NCD60/DSC_1324.JPG,MTY-308K-01/23/13,MTY-3O8K-01/23/13,MTY-3O8K-01/23/13
1301/Lower Lalaja/27B/100NCD90/DSC_0012.JPG,FLL-3R4W-01/27/13,FLL-3R4W-01/27/13,FLL-3K4W-01/27/13
1301/Lower Lalaja/27B/100NCD90/DSC_0026.JPG,FLL-5F7W-01/27/13,FLL-5F7W-01/27/13,FLL-5F7W-01/27/13
1301/Caigual/21A/101NCD60/DSC_1086.JPG,SRAG-01/21/13,SRAG--01/21/13,FCA-5R7G-01/21/13
1301/Taylor/24A/100NCD90/DSC_0055.JPG,FTY-105K-01/24/13,FTY-1O5K-01/24/13,FTY-1O5K-01/24/13
1301/Taylor/23B/100NCD90/DSC_0092.JPG,FTY-#-IK-ZV-01/23/13,FTY-1K2V-01/23/13,FTY-1K7V-01/23/13
1301/Lower Lalaja/27A/100NCD60/DSC_1648.JPG,MLL-2Y6F-01/27/13,MLL-2Y6F-01/27/13,MLL-2Y6F-01/27/13
1301/Lower Lalaja/28A/100NCD60/DSC_1739.JPG,O-MLL-6180-01/28/13,O-MLLG180-01/28/13,MLL-6K8O-01/28/13
1301/Lower Lalaja/27B/100NCD90/DSC_0009.JPG,FLL-368B-01/27/13,FLL-3G8B-01/27/13,FLL-3F8B-01/27/13
1301/Lower Lalaja/28B/100NCD90/DSC_0112.JPG,FLL-6K8B-01/28/13,FLL-6K8B-01/28/13,FLL-6K8B-01/28/13
1301/Caigual/21B/100NCD90/DSC_0021.JPG,FCA-IW-8V-01/21/13,FCA-1W8V-01/21/13,FCA-1W8V-01/21/13
1301/Taylor/23A/100NCD60/DSC_1261.JPG,MTY-3R5G-01/23/13,MTY-3R5G-01/23/13,MTY-3R5G-01/23/13
1301/Taylor/23B/100NCD90/DSC_0035.JPG,FTY-4-V8-V-01/23/13,FTY-4V8V-01/23/13,FTY-4V8V-01/23/13
1301/Upper Lalaja/2B/102NCD90/DSC_0110.JPG,FUL-435P-02/02/13,FUL-4B5P-02/02/13,FUL-4B5P-02/02/13
1301/Upper Lalaja/2A/100NCD60/DSC_1894.JPG,FUL-2141-02/02/13,FUL-2K4K-02/02/13,FUL-2B4K-02/02/13
1301/Taylor/23B/100NCD90/DSC_0158.JPG,FTY-*-1P6K-01/23/13,FTY-1P6K-01/23/13,FTY-1P6K-01/23/13
1301/Caigual/21A/101NCD60/DSC_1118.JPG,FCA-2K5W-01/21/13,FCA-2K5W-01/21/13,FCA-2K5W-01/21/13
1301/Caigual/21A/101NCD60/DSC_1084.JPG,FCA-667B-01/21/13,FCA-6G7B-01/21/13,FCA-6W7B-01/21/13
1301/Lower Lalaja/27B/100NCD90/DSC_0087.JPG,FLL-18/15-01/27/13,FLL-1F/K5-01/27/13,FLL-5Y8V-01/27/13
1301/Taylor/23A/100NCD60/DSC_1347.JPG,MTY-7086-01/23/13,MTY-7O8G-01/23/13,MTY-7O8W-01/23/13
1301/Lower Lalaja/27A/100NCD60/DSC_1624.JPG,MLL-5F87-01/27/13,MLL-5F8Y-01/27/13,MLL-5F8Y-01/27/13
1301/Upper Lalaja/4A/100NCD90/DSC_0080.JPG,FUL-2P4W-002/04/13,FUL-2P4W-002/04/13,FUL-2P4W-002/04/13
1301/Caigual/21A/101NCD60/DSC_1157.JPG,FCA-2W3V-01/21/13,FCA-2W3V-01/21/13,FCA-2W3V-01/21/13
1301/Upper Lalaja/4A/100NCD90/DSC_0032.JPG,FUL-2F4V-002/04/13,FUL-2F4V-002/04/13,FUL-2F4V-002/04/13
1301/Lower Lalaja/28B/100NCD90/DSC_0128.JPG,FLL-608P-01/28/13,FLL-6O8P-01/28/13,FLL-6O8P-01/28/13
1301/Taylor/23A/100NCD60/DSC_1274.JPG,MTY-ZB5G-01/23/13,MTY-2B5G-01/23/13,MTY-2B5G-01/23/13
1301/Caigual/21A/101NCD60/DSC_1176.JPG,MCA-IW3W-01/21/13,MCA-1W3W-01/21/13,MCA-1W3W-01/21/13
1301/Lower Lalaja/27A/100NCD60/DSC_1603.JPG,MLL-1W4B-01/27/13-|||,MLL-1W4B-01/27/13,MLL-1W4B-01/27/13
1301/Taylor/23B/100NCD90/DSC_0152.JPG,FTY-6R75-01/23/13,FTY-6R7S-01/23/13,FTY-6R7S-01/23/13
1301/Upper Lalaja/4A/100NCD90/DSC_0109.JPG,FUL-ZR6G-002/04/13,FUL-2R6G-002/04/13,FUL-2R6G-002/04/13
1301/Upper Lalaja/2B/102NCD90/DSC_0130.JPG,FUL-1-P6-B-02/02/13,FUL-1P6B-02/02/13,FUL-1P6B-02/02/13
1301/Lower Lalaja/27B/100NCD90/DSC_0080.JPG,FLL-☆-1080-01/27/13,FLL-1O8O-01/27/13,FLL-1O8O-01/27/13
1301/Lower Lalaja/27B/100NCD90/DSC_0098.JPG,FLL-3480³-01/27/13,FLL-3Y8O-01/27/13,FLL-3Y8V-01/27/13
1301/Caigual/21A/101NCD60/DSC_1167.JPG,MCA-268W-01/21/13,MCA-2G8W-01/21/13,MCA-2G8W-01/21/13
1301/Lower Lalaja/28A/101NCD60/DSC_1716.JPG,FLL-12776-01/28/13,FLL-1S7Y6-01/28/13,FLL-1Y2Y7G-01/28/13
1301/Caigual/21B/100NCD90/DSC_0088.JPG,MCA-4678-01/21/13,MCA-4G7F-01/21/13,MCA-4G7B-01/21/13
1301/Taylor/23A/100NCD60/DSC_1239.JPG,MTY-2V3-P-13-01/23/13,MTY-2V3P13-01/23/13,MTY-2V3P-01/23/13
1301/Upper Lalaja/2A/100NCD60/DSC_1776.JPG,MUL-IN35-02/02/13,MUL-1N3S-02/02/13,MUL-1N3S-02/02/13
1301/Upper Lalaja/4A/100NCD90/DSC_0073.JPG,FULTO-5070-002/04/13,FULTO-5O7O-002/04/13,FUL-5N7O-002/04/13
1301/Lower Lalaja/27B/100NCD90/DSC_0044.JPG,FLL-2660-01/27/13,FLL-2G6O-01/27/13,FLL-2G60-01/27/13
1301/Lower Lalaja/28A/101NCD60/DSC_1744.JPG,MELL-3Y-01/28/13-||,MELL-3Y-01/28/13,MLL-3Y-01/28/13
1301/Lower Lalaja/28B/100NCD90/DSC_0131.JPG,FLL-X-366B-01/28/13,FLL-XB6G3-01/28/13,FLL-3G6B-01/28/13
1301/Taylor/23B/100NCD90/DSC_0114.JPG,FTY-2-B-4-R-01/23/13,FTY-2B4R-01/23/13,FTY-2B4R-01/23/13
1301/Caigual/21A/101NCD60/DSC_1216.JPG,MCA-5Y7B-01/21/13-||||,MCA-5Y7B-01/21/13,MCA-5Y7B-01/21/13
1301/Upper Lalaja/4B/100NCD60/DSC_2109.JPG,FUL-INSN-002/04/13,FUL-1N5N-002/04/13,FUL-1N8N-002/04/13
1301/Lower Lalaja/28A/100NCD60/DSC_1701.JPG,01/28/13-D-Z-D-G-TW,1-DZDG-1,MLL-6P7R-01/28/13
1301/Taylor/23A/100NCD60/DSC_1434.JPG,MTY-1080-01/23/13,MTY-1O8O-01/23/13,MTY-1W8V-01/23/13
1301/Taylor/23B/100NCD90/DSC_0147.JPG,FTY-1V3V-01/23/13,FTY-1V3V-01/23/13,FTY-1V3V-01/23/13
1301/Lower Lalaja/28B/100NCD90/DSC_0082.JPG,FLL-4R5V-01/28/13,FLL-4R5V-01/28/13,FLL-4R5V-01/28/13
1301/Caigual/21A/101NCD60/DSC_1119.JPG,FCA-4V6G-01/21/13,FCA-4V6G-01/21/13,FCA-4V6G-01/21/13
1301/Upper Lalaja/4A/100NCD90/DSC_0108.JPG,FUL-1Y7V-002/04/13,FUL-1Y7V-002/04/13,FUL-1Y7V-002/04/13
1301/Taylor/24B/100NCD60/DSC_1466.JPG,FTY-ZRSB-01/24/13,FTY-2R5B-01/24/13,FTY-2R5B-01/24/13
1301/Upper Lalaja/2A/100NCD60/DSC_1938.JPG,FUL-2G8R-20-02/02/13,FUL-2G8R20-02/02/13,FUL-2G8R-02/02/13
1301/Caigual/21A/101NCD60/DSC_1090.JPG,FCA-3R7G-01/21/13,FCA-3R7G-01/21/13,FCA-3R7G-01/21/13
1301/Upper Lalaja/2A/100NCD60/DSC_1920.JPG,FUL-6W-70-02/02/13,FUL-6W7O-02/02/13,FUL-6W7O-02/02/13
1301/Upper Lalaja/2A/100NCD60/DSC_1772.JPG,MUL-O-GNOR-02/02/13,MUL-OGNOR-02/02/13,MUL-6N8R-02/02/13
1301/Taylor/23A/100NCD60/DSC_1266.JPG,MTY-2051-W-01/23/13,MTY-2O5KW-01/23/13,MTY-2O5W-01/23/13
1301/Upper Lalaja/2A/100NCD60/DSC_1924.JPG,FUL-2V4Y-02/02/13,FUL-2V4Y-02/02/13,FUL-2V4Y-02/02/13
1301/Upper Lalaja/4A/100NCD90/DSC_0008.JPG,FUL-3065-002/04/13,FUL-3O6S-002/04/13,FUL-3O6S-002/04/13
1301/Lower Lalaja/28A/100NCD60/DSC_1767.JPG,MLL-6K7G-01/28/13,MLL-6K7G-01/28/13,MLL-6K7G-01/28/13
1301/Upper Lalaja/4A/100NCD90/DSC_0082.JPG,FUL-3K5W-002/04/13,FUL-3K5W-002/04/13,FUL-3K5W-002/04/13
1301/Caigual/21A/101NCD60/DSC_1082.JPG,FCA-1884-01/21/13,FCA-1F8Y-01/21/13,FCA-1P8Y-01/21/13
1301/Lower Lalaja/28A/101NCD60/DSC_1725.JPG,MELL-IP-2-P-Q-V-01/28/13,MELL-1P2PQV-01/28/13,MLL-1P2P8V-01/28/13
1301/Taylor/23B/100NCD90/DSC_0183.JPG,667K-01/23/13,1--01/23/13,1
1301/Upper Lalaja/4A/100NCD90/DSC_0035.JPG,FUL-IVAN-002/04/13,FUL-1V7N-002/04/13,FUL-1V7N-002/04/13
1301/Lower Lalaja/28A/101NCD60/DSC_1765.JPG,FLL-205W-01/28/13,FLL-2O5W-01/28/13,FLL-2O5W-01/28/13
1301/Upper Lalaja/2B/102NCD90/DSC_0070.JPG,FUL-☆-2G7W-02/02/13,FUL-2G7W-02/02/13,FUL-2G7W-02/02/13
1301/Lower Lalaja/27B/100NCD90/DSC_0074.JPG,FLL-1086-01/27/13,FLL-1O8G-01/27/13,FLL-1O8G-01/27/13
1301/Taylor/24B/100NCD60/DSC_1490.JPG,FTY-1960-01/24/13,FTY-196O-01/24/13,FTY-1G6O-01/24/13
1301/Upper Lalaja/2A/100NCD60/DSC_1830.JPG,O-MUL-3K71-02/02/13,O-MVLBK71-02/02/13,MUL-3K7N-02/02/13
1301/Upper Lalaja/2A/100NCD60/DSC_1925.JPG,FUL-1241-02/02/13,FUL-1S4K-02/02/13,FUL-1K4Y-02/02/13
1301/Caigual/21A/101NCD60/DSC_1221.JPG,A-MCA-1W7K-01/21/13,A-MC7KW7K-01/21/13,MCA-1W7K-01/21/13
1301/Upper Lalaja/4B/100NCD60/DSC_2093.JPG,FUL-1740-002/04/13,FUL-1Y4O-002/04/13,FUL-1Y4O-002/04/13
1301/Lower Lalaja/27B/100NCD90/DSC_0089.JPG,FLL-406B-01/27/13,FLL-4O6B-01/27/13,FLL-4O6B-01/27/13
1301/Lower Lalaja/27A/100NCD60/DSC_1669.JPG,MLL-IB7W-01/27/13,MLL-1B7W-01/27/13,MLL-1B7W-01/27/13
1301/Caigual/21B/100NCD90/DSC_0056.JPG,FCA-IP7P-01/21/13,FCA-1P7P-01/21/13,FCA-1P7P-01/21/13
1301/Lower Lalaja/27A/100NCD60/DSC_1650.JPG,C-MLL-3P5F-01/27/13,C-MLLBP5F-01/27/13,MLL-3P5F-01/27/13
1301/Upper Lalaja/4B/100NCD60/DSC_2077.JPG,FUL✰-7P8Y-002/04/13,FUL-7P8Y-002/04/13,FUL-7P8Y-002/04/13
1301/Taylor/23A/100NCD60/DSC_1329.JPG,MTY-5YOP-01/23/13,MTY-5YOP-01/23/13,MTY-5Y8P-01/23/13
1301/Caigual/21B/100NCD90/DSC_0042.JPG,FCA-3√76-01/21/13,FCA-3Y6-01/21/13,FCA-3V7G-01/21/13
1301/Upper Lalaja/4B/100NCD60/DSC_2047.JPG,MUL-ZK8S-002/04/13,MUL-2K8S-002/04/13,MUL-2K8S-002/04/13
1301/Caigual/21A/101NCD60/DSC_1141.JPG,FCA-(-W7V-01/21/13,FCA-1W7V-01/21/13,FCA-1W7V-01/21/13
1301/Taylor/23B/100NCD90/DSC_0022.JPG,FTY-1446-01/23/13,FTY-1Y4G-01/23/13,FTY-1Y4G-01/23/13
1301/Upper Lalaja/2A/100NCD60/DSC_1824.JPG,MUL-6-W-OF-02/02/13,MUL-6WOF-02/02/13,MUL-6W8F-02/02/13
1301/Caigual/21A/101NCD60/DSC_1170.JPG,TML-01/21/13,TML--01/21/13,FCA-1W7B-01/21/13
1301/Lower Lalaja/28A/100NCD60/DSC_1819.JPG,FLL-2P5V-01/28/13,FLL-2P5V-01/28/13,FLL-2P5V-01/28/13
1301/Caigual/21A/101NCD60/DSC_1128.JPG,FCA-406K-01/21/13,FCA-4O6K-01/21/13,FCA-4O6K-01/21/13
1301/Lower Lalaja/28B/100NCD90/DSC_0144.JPG,FLL-3P8R-01/28/13,FLL-3P8R-01/28/13,FLL-3P8R-01/28/13
1301/Taylor/23A/100NCD60/DSC_1435.JPG,0-MTY-2Y8R-01/23/13-20,1-MT7S78R01/23/13-1,MTY-2Y8R-01/23/13
1301/Upper Lalaja/4B/100NCD60/DSC_1969.JPG,MUL-ZW3F-002/04/13,MUL-2W3F-002/04/13,MUL-2W3F-002/04/13
1301/Upper Lalaja/2B/102NCD90/DSC_0063.JPG,FUL-2B3R-02/02/13,FUL-2B3R-02/02/13,FUL-2B3R-02/02/13
1301/Lower Lalaja/27A/100NCD60/DSC_1642.JPG,MLL-2-V6B-01/27/13,MLL-2V6B-01/27/13,MLL-2V6B-01/27/13
1301/Lower Lalaja/27B/100NCD90/DSC_0053.JPG,FLL-4886-01/27/13,FLL-4F8G-01/27/13,FLL-4B8G-01/27/13
1301/Upper Lalaja/4A/100NCD90/DSC_0069.JPG,FUL-6087-002/04/13,FUL-6O8Y-002/04/13,FUL-6O8Y-002/04/13
1301/Lower Lalaja/27A/100NCD60/DSC_1542.JPG,FLL-2G₂5K-01/27/13,FLL-2G5K-01/27/13,FLL-2G5K-01/27/13
1301/Upper Lalaja/2B/102NCD90/DSC_0066.JPG,FUL-2W8B-02/02/13,FUL-2W8B-02/02/13,FUL-2W8B-02/02/13
1301/Taylor/24B/100NCD60/DSC_1521.JPG,FTY-2Y5R-01/24/13,FTY-2Y5R-01/24/13,FTY-2Y5R-01/24/13
1301/Lower Lalaja/27A/100NCD60/DSC_1630.JPG,MLL-3B5W-01/27/13,MLL-3B5W-01/27/13,MLL-3B5W-01/27/13
1301/Taylor/24B/100NCD60/DSC_1508.JPG,FTY-5B6Y-01/24/13,FTY-5B6Y-01/24/13,FTY-5B6Y-01/24/13
1301/Upper Lalaja/4B/100NCD60/DSC_2042.JPG,MUL-1F41-002/04/13,MUL-1F4K-002/04/13,MUL-1F4R-002/04/13
1301/Upper Lalaja/2B/102NCD90/DSC_0051.JPG,FUL-10SK-02/02/13,FUL-1O5K-02/02/13,FUL-1O5K-02/02/13
1301/Taylor/24B/100NCD60/DSC_1487.JPG,FTY-6875-01/24/13,FTY-6F7S-01/24/13,FTY-6B7S-01/24/13
1301/Upper Lalaja/2A/100NCD60/DSC_1915.JPG,*-FUL-IP-3G-02/02/13,FUL-1P3G-02/02/13,FUL-1P3G-02/02/13
1301/Lower Lalaja/27A/100NCD60/DSC_1594.JPG,MLL-146R-01/27/13,MLL-1Y6R-01/27/13,MLL-1G6R-01/27/13
1301/Upper Lalaja/4A/100NCD90/DSC_0038.JPG,FUL-|-F4W-002/04/13,FUL-FYW-002/04/13,FUL-1F4W-002/04/13
1301/Taylor/24B/100NCD60/DSC_1520.JPG,FTY-4PGR-01/24/13,FTY-4P6R-01/24/13,FTY-4P6R-01/24/13
1301/Lower Lalaja/27B/100NCD90/DSC_0025.JPG,FLL-IESP-01/27/13,FLL-1F5P-01/27/13,FLL-1F5P-01/27/13
1301/Lower Lalaja/28B/100NCD90/DSC_0102.JPG,1-J-FLL-508R-01/28/13,1-JFLL508R-01/28/13,FLL-5O8R-01/28/13
1301/Caigual/21B/100NCD90/DSC_0054.JPG,FCA-I-KAR-01/21/13,FCA-1K7R-01/21/13,FCA-1K7R-01/21/13
1301/Lower Lalaja/27A/100NCD60/DSC_1617.JPG,MLL-2N7F-01/27/13,MLL-2N7F-01/27/13,MLL-2N7F-01/27/13
1301/Taylor/24A/100NCD90/DSC_0058.JPG,FTY-YAY-01/24/13,FTY-7A7-01/24/13,FTY-1Y7Y-01/24/13
1301/Taylor/23A/100NCD60/DSC_1254.JPG,*-MTY-4855-01/23/13,MTY-4F5S-01/23/13,MTY-4P5S-01/23/13
1301/Lower Lalaja/28A/101NCD60/DSC_1722.JPG,FLL-3F40-01/28/13,FLL-3F4O-01/28/13,FLL-3F4O-01/28/13
1301/Lower Lalaja/27A/100NCD60/DSC_1607.JPG,MLL-408G-01/27/13,MLL-4O8G-01/27/13,MLL-4O8G-01/27/13
1301/Upper Lalaja/2A/100NCD60/DSC_1890.JPG,FUL-208-02/02/13,FUL-2O8-02/02/13,FUL-2O8R-02/02/13
1301/Lower Lalaja/28A/101NCD60/DSC_1701.JPG,FLL-44769-01/28/13,FLL-4Y7G9-01/28/13,FLL-2Y7G-01/28/13
1301/Upper Lalaja/4B/100NCD60/DSC_2037.JPG,MUL-2F4V-002/04/13,MUL-2F4V-002/04/13,MUL-2F4V-002/04/13
1301/Upper Lalaja/4A/100NCD90/DSC_0102.JPG,FUL-4766-002/04/13,FUL-4Y6G-002/04/13,FUL-4Y6G-002/04/13
1301/Lower Lalaja/28A/101NCD60/DSC_1737.JPG,DA-29X15-FLL-01/28/13,DA-29XK5FLL-01/28/13,FLL-5K6Y-01/28/13
1301/Taylor/23B/100NCD90/DSC_0053.JPG,FTY-4-Y8V-01/23/13,FTY-4Y8V-01/23/13,FTY-4Y8V-01/23/13
1301/Upper Lalaja/2A/100NCD60/DSC_1784.JPG,MUL-16-%-V-11-02/02/13,MUL-1GVK1-02/02/13,MUL-1G8V-02/02/13
1301/Upper Lalaja/2B/102NCD90/DSC_0091.JPG,FUL-IP3Y-02/02/13,FUL-1P3Y-02/02/13,FUL-1P3Y-02/02/13
1301/Upper Lalaja/2A/100NCD60/DSC_1910.JPG,FUL-7680-02/02/13,FUL-7G8O-02/02/13,FUL-7G8O-02/02/13
1301/Caigual/21A/101NCD60/DSC_1095.JPG,FCA-6V76-01/21/13,FCA-6V7G-01/21/13,FCA-6V7G-01/21/13
1301/Lower Lalaja/27B/100NCD90/DSC_0054.JPG,FLL-3F-SO-01/27/13,FLL-3F5O-01/27/13,FLL-3F5O-01/27/13
1301/Upper Lalaja/4B/100NCD60/DSC_2062.JPG,FUL-5175-002/04/13,FUL-5K7S-002/04/13,FUL-5R7S-002/04/13
1301/Taylor/23B/100NCD90/DSC_0041.JPG,FTY-3V8G-01/23/13,FTY-3V8G-01/23/13,FTY-3V8G-01/23/13
1301/Taylor/23A/100NCD60/DSC_1315.JPG,MTY-56180-01/23/13,MTY-5G1F0-01/23/13,MTY-5G8O-01/23/13
1301/Upper Lalaja/2A/100NCD60/DSC_1879.JPG,FUL-4V6Y-02/02/13,FUL-4V6Y-02/02/13,FUL-4V6Y-02/02/13
1301/Lower Lalaja/28A/100NCD60/DSC_1731.JPG,MLL-7R80-01/28/13,MLL-7R8O-01/28/13,MLL-7R8O-01/28/13
1301/Upper Lalaja/4A/100NCD90/DSC_0023.JPG,FUL-6-F-7-R-002/04/13,FUL-6F7R-002/04/13,FUL-6F7R-002/04/13
1301/Lower Lalaja/28A/100NCD60/DSC_1822.JPG,FLL-6Y8G-01/28/13,FLL-6Y8G-01/28/13,FLL-6Y8G-01/28/13
1301/Upper Lalaja/4B/100NCD60/DSC_2008.JPG,MUL-107P-002/04/13,MUL-1O7P-002/04/13,MUL-1O7P-002/04/13
1301/Taylor/23B/100NCD90/DSC_0058.JPG,FTY-X-1P6B-01/23/13,FTY-XKPG3-01/23/13,FTY-1P6B-01/23/13
1301/Lower Lalaja/27A/100NCD60/DSC_1661.JPG,MLL-2Y3W-01/27/13,MLL-2Y3W-01/27/13,MLL-2Y3W-01/27/13
1301/Upper Lalaja/4A/100NCD90/DSC_0017.JPG,FUL-2P7N-002/04/13,FUL-2P7N-002/04/13,FUL-2P7N-002/04/13
1301/Lower Lalaja/28A/100NCD60/DSC_1741.JPG,MLL-2VSP-01/28/13,MLL-2V5P-01/28/13,MLL-2V5P-01/28/13
1301/Upper Lalaja/2A/100NCD60/DSC_1845.JPG,MUL-5K6B-02/02/13,MUL-5K6B-02/02/13,MUL-5K6B-02/02/13
1301/Caigual/21B/100NCD90/DSC_0061.JPG,FCA-(-V3K-01/21/13,FCA-1V3K-01/21/13,FCA-1V3K-01/21/13
1301/Upper Lalaja/2A/100NCD60/DSC_1821.JPG,MUL-3NAG-02/02/13,MUL-3N7G-02/02/13,MUL-3N4G-02/02/13
1301/Upper Lalaja/2B/102NCD90/DSC_0077.JPG,FUL-2G3R-02/02/13,FUL-2G3R-02/02/13,FUL-2G3R-02/02/13
1301/Upper Lalaja/2B/102NCD90/DSC_0116.JPG,FUL-☆-IF-F6R-02/02/13,FUL-1FFGR-02/02/13,FUL-1F6R-02/02/13
1301/Upper Lalaja/2B/102NCD90/DSC_0081.JPG,FUL-6Y8F-02/02/13,FUL-6Y8F-02/02/13,FUL-6Y8F-02/02/13
1301/Upper Lalaja/4B/100NCD60/DSC_2030.JPG,MUL-2070-002/04/13,MUL-2O7O-002/04/13,MUL-2P7O-002/04/13
1301/Caigual/21A/101NCD60/DSC_1052.JPG,FCA-ZYBY-01/21/13,FCA-2Y3Y-01/21/13,FCA-2Y3Y-01/21/13
1301/Taylor/23B/100NCD90/DSC_0042.JPG,FTY-X-6W-7W-01/23/13,FTY-XGWYW-01/23/13,FTY-6W7W-01/23/13
1301/Upper Lalaja/2B/102NCD90/DSC_0050.JPG,FUL-W6W-02/02/13,FUL-WGW-02/02/13,FUL-1N6W-02/02/13
1301/Taylor/23B/100NCD90/DSC_0045.JPG,FTYX-4060-01/23/13,FTYX-4O6O-01/23/13,FTY-4B6O-01/23/13
1301/Lower Lalaja/28A/101NCD60/DSC_1752.JPG,FLL-5P6Y-01/28/13,FLL-5P6Y-01/28/13,FLL-5P6Y-01/28/13
1301/Taylor/24B/100NCD60/DSC_1455.JPG,MTY-PY-SWAW-01/24/13,MTY-PY5W7W-01/24/13,MTY-5W7W-01/24/13
1301/Taylor/23B/100NCD90/DSC_0167.JPG,FTY-2750-01/23/13,FTY-2Y5O-01/23/13,FTY-2Y5O-01/23/13
1301/Caigual/21A/101NCD60/DSC_1125.JPG,FCA-5P7V-01/21/13,FCA-5P7V-01/21/13,FCA-5P7V-01/21/13
1301/Lower Lalaja/28A/100NCD60/DSC_1810.JPG,FLL-OGB-01/28/13,FLL-OG3-01/28/13,FLL-5O6B-01/28/13
1301/Lower Lalaja/27A/100NCD60/DSC_1571.JPG,FLL-7B8B-01/27/13,FLL-7B8B-01/27/13,FLL-7B8B-01/27/13
1301/Upper Lalaja/2B/102NCD90/DSC_0087.JPG,FUL-INZP-02/02/13,FUL-1N2P-02/02/13,FUL-1N2P-02/02/13
1301/Caigual/21A/101NCD60/DSC_1085.JPG,FCA-IVZW-01/21/13,FCA-1V2W-01/21/13,FCA-1V2W-01/21/13
1301/Caigual/21A/101NCD60/DSC_1156.JPG,FCA-TRGG-1/21/13,FCA-1R6G-1,FCA-1R6G-01/21/13
1301/Lower Lalaja/27B/100NCD90/DSC_0027.JPG,FLL-3B7Y-01/27/13,FLL-3B7Y-01/27/13,FLL-3B7Y-01/27/13
1301/Caigual/21A/101NCD60/DSC_1217.JPG,MCA-TRZY-01/21/13,MCA-1R2Y-01/21/13,MCA-1R7Y-01/21/13
1301/Upper Lalaja/2A/100NCD60/DSC_1909.JPG,FUL-4W7B-02/02/13-||,FUL-4W7B-02/02/13,FUL-4W7B-02/02/13
1301/Caigual/21A/101NCD60/DSC_1073.JPG,FCA-4466-01/21/13,FCA-4Y6G-01/21/13,FCA-2Y6G-01/21/13
1301/Lower Lalaja/28A/100NCD60/DSC_1730.JPG,MLL-3R5F-01/28/13,MLL-3R5F-01/28/13,MLL-3R5F-01/28/13
1301/Upper Lalaja/4B/100NCD60/DSC_2057.JPG,MUL-ZEUG-002/04/13,MUL-2F4G-002/04/13,MUL-2F4G-002/04/13
1301/Lower Lalaja/27A/100NCD60/DSC_1646.JPG,MLL-6070-01/27/13,MLL-6O7O-01/27/13,MLL-6O7O-01/27/13
1301/Taylor/23A/100NCD60/DSC_1284.JPG,MTY-4F53-01/23/13,MTY-4F5B-01/23/13,MTY-4F5S-01/23/13
1301/Lower Lalaja/27A/100NCD60/DSC_1627.JPG,MLL-ATTZ-.-2-01/27/13,MLL-7T1Z2-01/27/13,MLL-2F7R-01/27/13
1301/Lower Lalaja/28A/100NCD60/DSC_1715.JPG,MLL-[-F2V-01/28/13,MLL-FSV-01/28/13,MLL-1F2V-01/28/13
1301/Lower Lalaja/28A/100NCD60/DSC_1782.JPG,MLL-ZW3V-01/28/13-||||,MLL-2W3V-01/28/13,MLL-2W3V-01/28/13
1301/Upper Lalaja/2A/100NCD60/DSC_1928.JPG,FUL-3994-02/02/13,FUL-399Y-02/02/13,FUL-3G4Y-02/02/13
1301/Taylor/24A/100NCD90/DSC_0015.JPG,FTY-SK8U-01/24/13,FTY-5K8V-01/24/13,FTY-5K8V-01/24/13
1301/Taylor/23B/100NCD90/DSC_0159.JPG,FTY-1YGV-01/23/13,FTY-1Y6V-01/23/13,FTY-1Y6V-01/23/13
