1301/Caigual/21B/100NCD90/DSC_0087.JPG,A-MCA-104K-01/21/13,MCA-1O4K-01/21/13,MCA-1O4K-01/21/13
1301/Upper Lalaja/2A/100NCD60/DSC_1833.JPG,MUL-3545-02/02/13,MUL-3S4S-02/02/13,MUL-3F4F-02/02/13
1301/Upper Lalaja/2B/102NCD90/DSC_0053.JPG,FUL-2V3G-02/02/13,FUL-2V3G-02/02/13,FUL-2V3G-02/02/13
1301/Lower Lalaja/27B/100NCD90/DSC_0085.JPG,FLL-3U8R-01/27/13,FLL-3V8R-01/27/13,FLL-3V8R-01/27/13
1301/Lower Lalaja/28B/100NCD90/DSC_0011.JPG,FLL-4P7R-01/28/13,FLL-4P7R-01/28/13,FLL-4P7R-01/28/13
1301/Lower Lalaja/27A/100NCD60/DSC_1616.JPG,MLL-3-PLAW-01/27/13,MLL-3PLAW-01/27/13,MLL-3P6W-01/27/13
1301/Lower Lalaja/27B/100NCD90/DSC_0004.JPG,FLL-34665-01/27/13,FLL-3Y6G5-01/27/13,FLL-3Y6G-01/27/13
1301/Taylor/23A/100NCD60/DSC_1303.JPG,MTY-2RSR-01/23/13-||||,MTY-2R5R-01/23/13,MTY-2R5R-01/23/13
1301/Taylor/24A/100NCD90/DSC_0040.JPG,FTY-ZB7V-01/24/13,FTY-2B7V-01/24/13,FTY-2B7V-01/24/13
1301/Taylor/23B/100NCD90/DSC_0139.JPG,FTY-IRAP-01/23/13,FTY-1R7P-01/23/13,FTY-1R7P-01/23/13
1301/Upper Lalaja/2A/100NCD60/DSC_1783.JPG,MUL-208-F-02/02/13,MUL-2O8F-02/02/13,MUL-2O8F-02/02/13
1301/Taylor/23A/100NCD60/DSC_1423.JPG,MTY-4W5P-01/23/13,MTY-4W5P-01/23/13,MTY-4W5P-01/23/13
1301/Lower Lalaja/28B/100NCD90/DSC_0069.JPG,FLL-6086-01/28/13,FLL-6O8G-01/28/13,FLL-6O8G-01/28/13
1301/Taylor/23B/100NCD90/DSC_0047.JPG,FTY-1041-01/23/13,FTY-1O4I-01/23/13,FTY-1O4K-01/23/13
1301/Taylor/23B/100NCD90/DSC_0195.JPG,FTY-ZP8V-01/23/13,FTY-2P8V-01/23/13,FTY-2P8V-01/23/13
1301/Taylor/23B/100NCD90/DSC_0019.JPG,FTY-9074-01/23/13,FTY-9O7Y-01/23/13,FTY-4O7Y-01/23/13
1301/Lower Lalaja/27A/100NCD60/DSC_1677.JPG,MLL-667K-01/27/13,MLL-6G7K-01/27/13,MLL-6G7K-01/27/13
1301/Upper Lalaja/2A/100NCD60/DSC_1896.JPG,26-FUL-6GEG-02/02/13,FUL-6G8G-02/02/13,FUL-6G8G-02/02/13
1301/Taylor/23A/100NCD60/DSC_1396.JPG,IK2B-01/23/13,1--01/23/13,1
1301/Upper Lalaja/4A/100NCD90/DSC_0077.JPG,FUL-6R8N-002/04/13,FUL-6R8N-002/04/13,FUL-6R8N-002/04/13
1301/Upper Lalaja/2B/102NCD90/DSC_0124.JPG,FUL-ZGSG-2-02/02/13,FUL-2G5G2-02/02/13,FUL-2G5G-02/02/13
1301/Lower Lalaja/28A/100NCD60/DSC_1707.JPG,MLL-TR8W-01/28/13,MLL-1R8W-01/28/13,MLL-1R8W-01/28/13
1301/Taylor/24B/100NCD60/DSC_1524.JPG,FTY-3K6V-01/24/13,FTY-3K6V-01/24/13,FTY-3K6V-01/24/13
1301/Upper Lalaja/2A/100NCD60/DSC_1857.JPG,☆-MUL-117K-02/02/13,MUL-1I7K-02/02/13,MUL-1K7K-02/02/13
1301/Lower Lalaja/28A/100NCD60/DSC_1773.JPG,MLL-3P5V-01/28/13,MLL-3P5V-01/28/13,MLL-3P5V-01/28/13
1301/Taylor/23A/100NCD60/DSC_1430.JPG,Y-MTY-(-445-01/23/13,MTY-1Y4S-01/23/13,MTY-1Y4S-01/23/13
1301/Taylor/23B/100NCD90/DSC_0107.JPG,FTY-(-K4P-01/23/13,FTY-1K4P-01/23/13,FTY-1K4P-01/23/13
1301/Taylor/23A/100NCD60/DSC_1298.JPG,MTY-2B7B-01/23/13-M,MTY-2B7B-01/23/13,MTY-2B7B-01/23/13
1301/Taylor/23B/100NCD90/DSC_0104.JPG,FTY-1G2G-01/23/13,FTY-1G2G-01/23/13,FTY-1G2G-01/23/13
1301/Lower Lalaja/28A/100NCD60/DSC_1728.JPG,MLL-150-01/28/13,MLL-1S0-01/28/13,MLL-1Y5O-01/28/13
1301/Taylor/23B/100NCD90/DSC_0175.JPG,FTY-SP-80-01/23/13,FTY-5P8O-01/23/13,FTY-5P8O-01/23/13
1301/Lower Lalaja/28A/101NCD60/DSC_1709.JPG,1-FLL-5V7P-01/28/13,FLL-5V7P-01/28/13,FLL-5V7P-01/28/13
1301/Taylor/23A/100NCD60/DSC_1306.JPG,MTY-354-~~-01/23/13,MTY-3S4-01/23/13,MTY-3S4W-01/23/13
1301/Lower Lalaja/27B/100NCD90/DSC_0081.JPG,FLL-QW7V-01/27/13,FLL-QW7V-01/27/13,FLL-2W7V-01/27/13
1301/Lower Lalaja/28A/101NCD60/DSC_1700.JPG,FLL-607-R-01/28/13,FLL-6O7R-01/28/13,FLL-6O7R-01/28/13
1301/Taylor/23A/100NCD60/DSC_1375.JPG,MTY-1W3P-01/23/13,MTY-1W3P-01/23/13,MTY-1W3P-01/23/13
1301/Upper Lalaja/4B/100NCD60/DSC_2010.JPG,MUL-INSE-002/04/13,MUL-1N5F-002/04/13,MUL-1N8F-002/04/13
1301/Caigual/21A/101NCD60/DSC_1093.JPG,FCA-3-R7B-01/21/13,FCA-3R7B-01/21/13,FCA-3R7B-01/21/13
1301/Lower Lalaja/28B/100NCD90/DSC_0047.JPG,FLL-IK-GV-01/28/13,FLL-1K6V-01/28/13,FLL-1K6V-01/28/13
1301/Caigual/21A/101NCD60/DSC_1213.JPG,MCA-5WEV-01/21/13,MCA-5W8V-01/21/13,MCA-5W8V-01/21/13
1301/Lower Lalaja/28A/101NCD60/DSC_1710.JPG,FLL-4R7Y-01/28/13,FLL-4R7Y-01/28/13,FLL-4R7Y-01/28/13
1301/Upper Lalaja/2B/102NCD90/DSC_0131.JPG,FUL-3Y7R-02/02/13,FUL-3Y7R-02/02/13,FUL-3Y7R-02/02/13
1301/Taylor/23A/100NCD60/DSC_1246.JPG,MTY-2G4Y-01/23/13-||,MTY-2G4Y-01/23/13,MTY-2G4Y-01/23/13
1301/Lower Lalaja/27A/100NCD60/DSC_1597.JPG,MLL-1056-01/27/13,MLL-1O5G-01/27/13,MLL-1O5P-01/27/13
1301/Upper Lalaja/4B/100NCD60/DSC_1986.JPG,MUL-IKZY-002/04/13,MUL-1K2Y-002/04/13,MUL-1K2Y-002/04/13
1301/Lower Lalaja/28A/101NCD60/DSC_1729.JPG,B-FLL-3R8W-01/28/13,FLL-3R8W-01/28/13,FLL-3R8W-01/28/13
1301/Upper Lalaja/4A/100NCD90/DSC_0093.JPG,FLLA-5V7N-01/28/13,FLLA-5V7N-01/28/13,FLL-5V7N-01/28/13
1301/Taylor/23B/100NCD90/DSC_0001.JPG,FTY-4K-7-G-01/23/13,FTY-4K7G-01/23/13,FTY-4K7G-01/23/13
1301/Lower Lalaja/28B/100NCD90/DSC_0021.JPG,FLL-7086-01/28/13,FLL-7O8G-01/28/13,FLL-7O8G-01/28/13
1301/Caigual/21B/100NCD90/DSC_0025.JPG,FCA-X-ZBBW-01/21/13,FCA-XZ3BW-01/21/13,FCA-2B8W-01/21/13
1301/Upper Lalaja/4A/100NCD90/DSC_0111.JPG,FULA-7186-002/04/13,FULA-7I8G-002/04/13,FUL-7W8G-002/04/13
1301/Caigual/21A/101NCD60/DSC_1101.JPG,FCA-3V4W-01/21/13,FCA-3V4W-01/21/13,FCA-3V4W-01/21/13
1301/Taylor/24B/100NCD60/DSC_1467.JPG,FTY-IN35-01/24/13,FTY-1N3S-01/24/13,FTY-1N3S-01/24/13
1301/Upper Lalaja/4B/100NCD60/DSC_2068.JPG,A-FUL-3B4N-002/04/13-B,FUL-3B4N-002/04/13,FUL-3B4N-002/04/13
1301/Taylor/23A/100NCD60/DSC_1317.JPG,MTY-3B5P-01/23/13,MTY-3B5P-01/23/13,MTY-3B5P-01/23/13
1301/Lower Lalaja/27A/100NCD60/DSC_1638.JPG,MLL-3F5N-01/27/13,MLL-3F5N-01/27/13,MLL-3F5N-01/27/13
1301/Caigual/21A/101NCD60/DSC_1147.JPG,FCA-1K60-01/21/13,FCA-1K6O-01/21/13,FCA-1K6O-01/21/13
1301/Upper Lalaja/4B/100NCD60/DSC_2097.JPG,FUL-4WSW-N-002/04/13,FUL-4W5WN-002/04/13,FUL-4W5W-002/04/13
1301/Caigual/21A/101NCD60/DSC_1111.JPG,FCA-2K5R-01/21/13,FCA-2K5R-01/21/13,FCA-2K5R-01/21/13
1301/Lower Lalaja/28A/100NCD60/DSC_1794.JPG,MLL-ZK60-01/28/13,MLL-2K6O-01/28/13,MLL-2K6O-01/28/13
1301/Lower Lalaja/28A/100NCD60/DSC_1738.JPG,MLL-TK-6V-01/28/13,MLL-1K6V-01/28/13,MLL-1K6V-01/28/13
1301/Taylor/24A/100NCD90/DSC_0053.JPG,FTY-7784-01/24/13,FTY-7Y8Y-01/24/13,FTY-7Y8Y-01/24/13
1301/Upper Lalaja/4B/100NCD60/DSC_2056.JPG,MUL-4150-002/04/13,MUL-4I5O-002/04/13,MUL-4N5O-002/04/13
1301/Caigual/21B/100NCD90/DSC_0083.JPG,FCA-45P7K-01/21/13,FCA-4SPYK-01/21/13,FCA-5P7K-01/21/13
1301/Taylor/23A/100NCD60/DSC_1295.JPG,MTY-153-B-01/23/13,MTY-1S3B-01/23/13,MTY-1S3B-01/23/13
1301/Taylor/23A/100NCD60/DSC_1308.JPG,MTY-ZK8B-218-01/23/13,MTY-2K8B218-01/23/13,MTY-2K8B-01/23/13
1301/Taylor/24A/100NCD90/DSC_0019.JPG,FTY-5667-01/24/13,FTY-5G6Y-01/24/13,FTY-5G6Y-01/24/13
1301/Lower Lalaja/28A/100NCD60/DSC_1702.JPG,MLL-4F50-01/28/13,MLL-4F5O-01/28/13,MLL-4F5O-01/28/13
1301/Taylor/24A/100NCD90/DSC_0007.JPG,FTY-IPUP-01/24/13,FTY-1P4P-01/24/13,FTY-1P4P-01/24/13
1301/Taylor/23B/100NCD90/DSC_0090.JPG,FTY-5080-01/23/13,FTY-5O8O-01/23/13,FTY-5O8O-01/23/13
1301/Lower Lalaja/27A/100NCD60/DSC_1683.JPG,MLL-4K6Y-01/27/13,MLL-4K6Y-01/27/13,MLL-4K6Y-01/27/13
1301/Lower Lalaja/27A/100NCD60/DSC_1645.JPG,MLL-1R8G-01/27/13,MLL-1R8G-01/27/13,MLL-1R8G-01/27/13
1301/Taylor/23A/100NCD60/DSC_1257.JPG,MTY-308-W-01/23/13-||||,MTY-3O8W-01/23/13,MTY-3O8W-01/23/13
1301/Lower Lalaja/27B/100NCD90/DSC_0022.JPG,FLL-20¬B-01-/-27.13,FLL-2O3O1-1,FLL-2O7B-01/27/13
1301/Upper Lalaja/4B/100NCD60/DSC_2006.JPG,MUL-7W8F-002/04/13,MUL-7W8F-002/04/13,MUL-7W8F-002/04/13
1301/Taylor/23A/100NCD60/DSC_1393.JPG,MTY-4G7B-01/23/13,MTY-4G7B-01/23/13,MTY-4G7B-01/23/13
1301/Taylor/23B/100NCD90/DSC_0186.JPG,FTY-4078-01/23/13,FTY-4O7F-01/23/13,FTY-4O7B-01/23/13
1301/Caigual/21A/101NCD60/DSC_1065.JPG,FCA-1066-01/21/13,FCA-1O6G-01/21/13,FCA-1O6G-01/21/13
1301/Caigual/21B/100NCD90/DSC_0011.JPG,FCA-1W2P-01/21/13,FCA-1W2P-01/21/13,FCA-1W2P-01/21/13
1301/Caigual/21B/100NCD90/DSC_0105.JPG,MCA-6R70-01/21/13,MCA-6R7O-01/21/13,MCA-6R7O-01/21/13
1301/Taylor/23B/100NCD90/DSC_0066.JPG,FTY-357B-01/23/13,FTY-3S7B-01/23/13,FTY-3S7B-01/23/13
1301/Upper Lalaja/2B/102NCD90/DSC_0062.JPG,FUL-3470-02/02/13,FUL-3Y7O-02/02/13,FUL-3Y7O-02/02/13
1301/Lower Lalaja/28A/100NCD60/DSC_1710.JPG,MLL-265G-01/28/13,MLL-2G5G-01/28/13,MLL-2G5G-01/28/13
1301/Upper Lalaja/2B/102NCD90/DSC_0072.JPG,FUL-1P3W-02/02/13,FUL-1P3W-02/02/13,FUL-1P3W-02/02/13
1301/Lower Lalaja/28A/100NCD60/DSC_1789.JPG,€-MLL-146V-01/28/13,MLL-1Y6V-01/28/13,MLL-1Y6V-01/28/13
1301/Taylor/23A/100NCD60/DSC_1418.JPG,MTY-537P-01/23/13,MTY-5B7P-01/23/13,MTY-5S7B-01/23/13
1301/Upper Lalaja/2B/102NCD90/DSC_0121.JPG,FUL-ZW8W-02/02/13,FUL-2W8W-02/02/13,FUL-2W8W-02/02/13
1301/Upper Lalaja/2A/100NCD60/DSC_1888.JPG,FUL-IR-40-02/02/13,FUL-1R4O-02/02/13,FUL-1R4O-02/02/13
1301/Taylor/23B/100NCD90/DSC_0162.JPG,FTY-305G-01/23/13,FTY-3O5G-01/23/13,FTY-3O5G-01/23/13
1301/Lower Lalaja/28A/100NCD60/DSC_1761.JPG,MLL-1024-01/28/13,MLL-1O2Y-01/28/13,MLL-1O2Y-01/28/13
1301/Lower Lalaja/27A/100NCD60/DSC_1652.JPG,MLL-6K70-01/27/13,MLL-6K7O-01/27/13,MLL-6K7O-01/27/13
1301/Caigual/21B/100NCD90/DSC_0028.JPG,FCA-IWZV-01/21/13,FCA-1W2V-01/21/13,FCA-1W2V-01/21/13
1301/Upper Lalaja/2A/100NCD60/DSC_1835.JPG,MUL-1V8P-02/02/13,MUL-1V8P-02/02/13,MUL-1V8P-02/02/13
1301/Taylor/24B/100NCD60/DSC_1488.JPG,FTY-156G-01/24/13,FTY-1S6G-01/24/13,FTY-1S6G-01/24/13
1301/Taylor/23A/100NCD60/DSC_1243.JPG,MTY-3085-01/23/13,MTY-3O8S-01/23/13,MTY-3O8S-01/23/13
1301/Caigual/21B/100NCD90/DSC_0039.JPG,FCA-6YZ-P-01/21/13,FCA-6Y2P-01/21/13,FCA-6Y7P-01/21/13
1301/Taylor/24B/100NCD60/DSC_1503.JPG,FTY-6VZP-01/24/13,FTY-6V2P-01/24/13,FTY-6V7P-01/24/13
1301/Caigual/21B/100NCD90/DSC_0112.JPG,MCA-178-P-01/21/13,MCA-1Y8P-01/21/13,MCA-1Y8R-01/21/13
1301/Upper Lalaja/2B/102NCD90/DSC_0128.JPG,FUL-176-02/02/13,FUL-1Y6-02/02/13,FUL-1Y7G-02/02/13
1301/Upper Lalaja/4B/100NCD60/DSC_2101.JPG,FUL-5760-002/04/13,FUL-5Y6O-002/04/13,FUL-5K6O-002/04/13
1301/Caigual/21A/101NCD60/DSC_1068.JPG,FCA-ZROY-01/21/13,FCA-2ROY-01/21/13,FCA-2R6Y-01/21/13
1301/Lower Lalaja/28B/100NCD90/DSC_0088.JPG,FLL-JF56-01/28/13,FLL-JF5G-01/28/13,FLL-1F5F-01/28/13
1301/Taylor/23A/100NCD60/DSC_1269.JPG,MTY-2R5W-01/23/13,MTY-2R5W-01/23/13,MTY-2R5W-01/23/13
1301/Lower Lalaja/27B/100NCD90/DSC_0069.JPG,FLL-12G7G-01/27/13,FLL-1S6Y6-01/27/13,FLL-1V2G7G-01/27/13
1301/Lower Lalaja/28B/100NCD90/DSC_0101.JPG,FLL-587V-01/28/13,FLL-5F7V-01/28/13,FLL-5P7V-01/28/13
1301/Upper Lalaja/2A/100NCD60/DSC_1922.JPG,FUL-ZG4R-02/02/13,FUL-2G4R-02/02/13,FUL-2G4R-02/02/13
1301/Lower Lalaja/28B/100NCD90/DSC_0018.JPG,FLL-1Y50-01/28/13,FLL-1Y5O-01/28/13,FLL-1Y5O-01/28/13
1301/Upper Lalaja/4B/100NCD60/DSC_2073.JPG,FUL-3R6Y-002/04/13,FUL-3R6Y-002/04/13,FUL-3R6Y-002/04/13
1301/Upper Lalaja/4B/100NCD60/DSC_2001.JPG,MUL-4N5W-002/04/13,MUL-4N5W-002/04/13,MUL-4N5W-002/04/13
1301/Lower Lalaja/27A/100NCD60/DSC_1610.JPG,MLL-BRZU-01/27/13,MLL-3R2V-01/27/13,MLL-3R7V-01/27/13
1301/Lower Lalaja/28A/101NCD60/DSC_1762.JPG,FLL-NEME-01/28/13,FLL-NFMF-01/28/13,FLL-3W7V-01/28/13
1301/Taylor/23B/100NCD90/DSC_0044.JPG,FTY-IV6W-01/23/13,FTY-1V6W-01/23/13,FTY-1V6W-01/23/13
1301/Taylor/23A/100NCD60/DSC_1381.JPG,&-MTY-3R7V-01/23/13,MTY-3R7V-01/23/13,MTY-3R7V-01/23/13
1301/Lower Lalaja/27B/100NCD90/DSC_0059.JPG,FLL-1630-01/27/13,FLL-1G3O-01/27/13,FLL-1F3O-01/27/13
1301/Upper Lalaja/4B/100NCD60/DSC_2069.JPG,FUL-4R5W-002/04/13,FUL-4R5W-002/04/13,FUL-4R5W-002/04/13
1301/Upper Lalaja/2B/102NCD90/DSC_0006.JPG,FUL-2R5G-02/02/13,FUL-2R5G-02/02/13,FUL-2B5G-02/02/13
1301/Upper Lalaja/4B/100NCD60/DSC_2094.JPG,S-FUL-4SGR-002/04/13-J,FUL-4S6R-002/04/13,FUL-4S6R-002/04/13
1301/Caigual/21B/100NCD90/DSC_0090.JPG,MCA-SREW-01/21/13-X,MCA-5R8W-01/21/13,MCA-5R6W-01/21/13
1301/Upper Lalaja/4A/100NCD90/DSC_0026.JPG,MUL-ZRIR-002/04/13,MUL-2R1R-002/04/13,MUL-2R5R-002/04/13
1301/Lower Lalaja/28A/100NCD60/DSC_1774.JPG,MLL-5V7B-01/28/13,MLL-5V7B-01/28/13,MLL-5V7B-01/28/13
1301/Lower Lalaja/27A/100NCD60/DSC_1573.JPG,FLL-547R-01/27/13,FLL-5Y7R-01/27/13,FLL-5Y7R-01/27/13
1301/Upper Lalaja/2A/100NCD60/DSC_1884.JPG,FUL-507W-02/02/13,FUL-5O7W-02/02/13,FUL-5O7W-02/02/13
1301/Taylor/23A/100NCD60/DSC_1346.JPG,MTY-3V45-01/23/13,MTY-3V4S-01/23/13,MTY-3V4S-01/23/13
1301/Taylor/23B/100NCD90/DSC_0135.JPG,FTY-6-G-7-B-01/23/13,FTY-6G7B-01/23/13,FTY-6G7B-01/23/13
1301/Caigual/21B/100NCD90/DSC_0027.JPG,FCA-13P-01/21/13,FCA-1BP-01/21/13,FCA-1W3P-01/21/13
1301/Upper Lalaja/2B/102NCD90/DSC_0090.JPG,*-FUL-1W-6B-02/02/13,FUL-1W6B-02/02/13,FUL-1W6B-02/02/13
1301/Taylor/24B/100NCD60/DSC_1519.JPG,_FTY-3086-01/24/13,FTY-3O8G-01/24/13,FTY-3O8G-01/24/13
1301/Taylor/23A/100NCD60/DSC_1310.JPG,MTY-3W5G-01/23/13-7,MTY-3W5G-01/23/13,MTY-3W5G-01/23/13
1301/Upper Lalaja/2B/102NCD90/DSC_0069.JPG,FUL-2Y6R-02/02/13,FUL-2Y6R-02/02/13,FUL-2Y6R-02/02/13
1301/Lower Lalaja/27A/100NCD60/DSC_1570.JPG,FLL-3K-8G-01/27/13,FLL-3K8G-01/27/13,FLL-3K8G-01/27/13
1301/Upper Lalaja/4B/100NCD60/DSC_2078.JPG,FUL-4N5G-002/04/13,FUL-4N5G-002/04/13,FUL-4N5G-002/04/13
1301/Taylor/23B/100NCD90/DSC_0169.JPG,FTY-406W-01/23/13,FTY-4O6W-01/23/13,FTY-4O6W-01/23/13
1301/Caigual/21A/101NCD60/DSC_1061.JPG,FCA-4W7V-01/21/13,FCA-4W7V-01/21/13,FCA-4W7V-01/21/13
1301/Taylor/23B/100NCD90/DSC_0184.JPG,FTY-IWGR-01/23/13,FTY-1W6R-01/23/13,FTY-1W6R-01/23/13
1301/Taylor/23A/100NCD60/DSC_1405.JPG,O-MTY-103W-01/23/13,MTY-1O3W-01/23/13,MTY-1O3W-01/23/13
1301/Taylor/23A/100NCD60/DSC_1331.JPG,MTY-2V5V-01/23/13,MTY-2V5V-01/23/13,MTY-2V5V-01/23/13
1301/Taylor/23B/100NCD90/DSC_0172.JPG,FTY-4R6B-01/23/13,FTY-4R6B-01/23/13,FTY-4R6B-01/23/13
1301/Lower Lalaja/28A/100NCD60/DSC_1798.JPG,MLL-407Y-01/28/13,MLL-4O7Y-01/28/13,MLL-4O7Y-01/28/13
1301/Upper Lalaja/4A/100NCD90/DSC_0085.JPG,FUL-3VGP-002/04/13,FUL-3V6P-002/04/13,FUL-3V6P-002/04/13
1301/Caigual/21A/101NCD60/DSC_1130.JPG,FCA-IRSC-01/21/13,FCA-1R5C-01/21/13,FCA-1R8G-01/21/13
1301/Upper Lalaja/4B/100NCD60/DSC_1959.JPG,MUL-1570-002/04/13,MUL-1S7O-002/04/13,MUL-1S7O-002/04/13
1301/Lower Lalaja/28A/101NCD60/DSC_1758.JPG,FLL-•-ZNYF-01/28/13,FLL-2N7F-01/28/13,FLL-2N4F-01/28/13
1301/Lower Lalaja/28A/100NCD60/DSC_1777.JPG,MLL-1Y5P-01/28/13,MLL-1Y5P-01/28/13,MLL-1Y5P-01/28/13
1301/Lower Lalaja/27B/100NCD90/DSC_0077.JPG,FLL-3W8G-01/27/13,FLL-3W8G-01/27/13,FLL-3W8G-01/27/13
1301/Taylor/23B/100NCD90/DSC_0073.JPG,*-FTY-3K8V-01/23/13,FTY-3K8V-01/23/13,FTY-3K8V-01/23/13
1301/Lower Lalaja/28A/100NCD60/DSC_1749.JPG,MLL-ZY7G-01/28/13,MLL-2Y7G-01/28/13,MLL-2Y7G-01/28/13
1301/Caigual/21A/101NCD60/DSC_1197.JPG,MCA-4066-01/21/13-||,MCA-4O6G-01/21/13,MCA-4O6G-01/21/13
1301/Lower Lalaja/27B/100NCD90/DSC_0091.JPG,FLL-168W-01/27/13,FLL-1G8W-01/27/13,FLL-1G8W-01/27/13
1301/Lower Lalaja/28A/101NCD60/DSC_1726.JPG,FLL-IRGF-01/28/13,FLL-1R6F-01/28/13,FLL-1R6F-01/28/13
1301/Caigual/21A/101NCD60/DSC_1097.JPG,FCA-7086-01/21/13,FCA-7O8G-01/21/13,FCA-7V8G-01/21/13
1301/Caigual/21B/100NCD90/DSC_0101.JPG,D-MCA-2V6Y-01/21/13,MCA-2V6Y-01/21/13,MCA-2V6Y-01/21/13
1301/Caigual/21A/101NCD60/DSC_1182.JPG,MCA-4-KG-V-01/21/13,MCA-4K6V-01/21/13,MCA-4K6V-01/21/13
1301/Caigual/21A/101NCD60/DSC_1057.JPG,FCA-1G3W-01/21/13,FCA-1G3W-01/21/13,FCA-1G3W-01/21/13
1301/Taylor/23B/100NCD90/DSC_0170.JPG,FTY-418-G-01/23/13,FTY-4I8G-01/23/13,FTY-4V8G-01/23/13
1301/Lower Lalaja/27A/100NCD60/DSC_1625.JPG,MLL-IWZR-01/27/13,MLL-1W2R-01/27/13,MLL-1W2R-01/27/13
1301/Caigual/21A/101NCD60/DSC_1172.JPG,MCA-366-01/21/13-P,MCA-3G6-01/21/13,MCA-3W6R-01/21/13
1301/Upper Lalaja/2B/102NCD90/DSC_0074.JPG,FUL-2B3N-02/02/13,FUL-2B3N-02/02/13,FUL-2B3N-02/02/13
1301/Upper Lalaja/4A/100NCD90/DSC_0033.JPG,FUL-GUAK-002/04/13,FUL-6V7K-002/04/13,FUL-6V7K-002/04/13
1301/Upper Lalaja/2A/100NCD60/DSC_1848.JPG,MUL-1465-02/02/13,MUL-1Y6S-02/02/13,MUL-1G6S-02/02/13
1301/Lower Lalaja/28B/100NCD90/DSC_0086.JPG,FLL-2680-01/28/13,FLL-2G8O-01/28/13,FLL-2F8O-01/28/13
1301/Upper Lalaja/4A/100NCD90/DSC_0024.JPG,FUL-168N-002/04/13,FUL-1G8N-002/04/13,FUL-1G8N-002/04/13
1301/Lower Lalaja/27B/100NCD90/DSC_0006.JPG,FLL-4YAK-01/27/13,FLL-4Y7K-01/27/13,FLL-4Y7K-01/27/13
1301/Taylor/23B/100NCD90/DSC_0069.JPG,FTY-6-5-7-G-01/23/13,FTY-6S7G-01/23/13,FTY-6S7G-01/23/13
1301/Caigual/21A/101NCD60/DSC_1179.JPG,MCA-IWUG-01/21/13,MCA-1W4G-01/21/13,MCA-1W4G-01/21/13
1301/Upper Lalaja/4B/100NCD60/DSC_2066.JPG,FUL-2V3N-002/04/13,FUL-2V3N-002/04/13,FUL-2V3N-002/04/13
1301/Taylor/24B/100NCD60/DSC_1499.JPG,FTY-11274-01/24/13,FTY-1I2Y4-01/24/13,FTY-1K7Y-01/24/13
1301/Lower Lalaja/28B/100NCD90/DSC_0091.JPG,FLL-01/28/13,FLL--01/28/13,FLL-5F8V-01/28/13
1301/Upper Lalaja/2B/102NCD90/DSC_0097.JPG,FUL-406R-02/02/13,FUL-4O6R-02/02/13,FUL-4O6R-02/02/13
1301/Lower Lalaja/28B/100NCD90/DSC_0033.JPG,FLL-6P7B-01/28/13,FLL-6P7B-01/28/13,FLL-6P7B-01/28/13
1301/Lower Lalaja/28A/100NCD60/DSC_1723.JPG,1-!-MLL-4160-01/28/13-|||-|||,MLL-4I6O-01/28/13,MLL-4V6O-01/28/13
1301/Taylor/23B/100NCD90/DSC_0025.JPG,FTY-2354-01/23/13,FTY-2B5Y-01/23/13,FTY-2B5Y-01/23/13
1301/Taylor/24B/100NCD60/DSC_1458.JPG,FTY-5B60-01/24/13,FTY-5B6O-01/24/13,FTY-5B6O-01/24/13
1301/Upper Lalaja/4B/100NCD60/DSC_2111.JPG,FUL-ZPGN-002/04/13,FUL-2P6N-002/04/13,FUL-2P6N-002/04/13
1301/Taylor/23A/100NCD60/DSC_1382.JPG,MTY-ZVEP-01/23/13,MTY-2V8P-01/23/13,MTY-2V8O-01/23/13
1301/Upper Lalaja/2A/100NCD60/DSC_1849.JPG,MUL-1Y6Y-02/02/13,MUL-1Y6Y-02/02/13,MUL-1Y6Y-02/02/13
1301/Lower Lalaja/27A/100NCD60/DSC_1561.JPG,FLL-2G4F-01/27/13,FLL-2G4F-01/27/13,FLL-2G4F-01/27/13
1301/Upper Lalaja/4A/100NCD90/DSC_0096.JPG,FUL-3G---4R-002/04/13,FUL-3G4R-002/04/13,FUL-3G4R-002/04/13
1301/Upper Lalaja/2A/100NCD60/DSC_1840.JPG,MUL-TV4P-02/02/13,MUL-1V4P-02/02/13,MUL-1V4P-02/02/13
1301/Lower Lalaja/28A/101NCD60/DSC_1724.JPG,FLL-304W-01/28/13,FLL-3O4W-01/28/13,FLL-3O4W-01/28/13
1301/Caigual/21B/100NCD90/DSC_0052.JPG,FCA-4P-70-01/21/13,FCA-4P7O-01/21/13,FCA-4P7O-01/21/13
1301/Upper Lalaja/2B/102NCD90/DSC_0064.JPG,FUL-1047-02/02/13,FUL-1O4Y-02/02/13,FUL-1O4Y-02/02/13
1301/Lower Lalaja/28A/100NCD60/DSC_1742.JPG,MLL-4R7R-01/28/13,MLL-4R7R-01/28/13,MLL-4R7R-01/28/13
1301/Taylor/23B/100NCD90/DSC_0150.JPG,FTY-2V-3V-01/23/13,FTY-2V3V-01/23/13,FTY-2V3V-01/23/13
1301/Upper Lalaja/2A/100NCD60/DSC_1841.JPG,MUL-3048-02/02/13,MUL-3O4F-02/02/13,MUL-3O4R-02/02/13
1301/Lower Lalaja/27A/100NCD60/DSC_1682.JPG,MLL-2F3R-01/27/13,MLL-2F3R-01/27/13,MLL-2F3R-01/27/13
1301/Lower Lalaja/28A/100NCD60/DSC_1719.JPG,MLL-4071-/-01/28/13,MLL-4O7I-1,MLL-4O7K-01/28/13
1301/Caigual/21B/100NCD90/DSC_0017.JPG,FCA-X-IRBY-01/21/13,FCA-XIRB7-01/21/13,FCA-1R8Y-01/21/13
1301/Lower Lalaja/27B/100NCD90/DSC_0043.JPG,*-SB6-B7R-01/27/13-FLL,1--01/27/13,FLL-5B6B7R-01/27/13
1301/Caigual/21A/101NCD60/DSC_1127.JPG,MCA-3W6V-01/21/13,MCA-3W6V-01/21/13,MCA-3W6V-01/21/13
1301/Lower Lalaja/28B/100NCD90/DSC_0078.JPG,FLL-SF60-01/28/13,FLL-5F6O-01/28/13,FLL-5F6O-01/28/13
1301/Upper Lalaja/2B/102NCD90/DSC_0129.JPG,FUL-1340-02/02/13,FUL-1B4O-02/02/13,FUL-1B4O-02/02/13
1301/Taylor/23B/100NCD90/DSC_0140.JPG,FTY-IK-5-V-01/23/13,FTY-1K5V-01/23/13,FTY-1K5V-01/23/13
1301/Taylor/23B/100NCD90/DSC_0188.JPG,FTY-IP2W-01/23/13,FTY-1P2W-01/23/13,FTY-1P2W-01/23/13
1301/Taylor/23A/100NCD60/DSC_1328.JPG,MTY-3K448K-01/23/13,MTY-3K4Y8K-01/23/13,MTY-3K4G8K-01/23/13
1301/Upper Lalaja/2B/102NCD90/DSC_0021.JPG,FUL-LYUK-02/02/13,FUL-LY4K-02/02/13,FUL-1Y4K-02/02/13
1301/Lower Lalaja/28A/100NCD60/DSC_1753.JPG,MLL-TY6P-01/28/13,MLL-1Y6P-01/28/13,MLL-1Y6P-01/28/13
1301/Lower Lalaja/28B/100NCD90/DSC_0043.JPG,FLL-5RGY-01/28/13,FLL-5R6Y-01/28/13,FLL-5R6Y-01/28/13
1301/Lower Lalaja/28B/100NCD90/DSC_0026.JPG,FLL-6K-8-K-01/28/13,FLL-6K8K-01/28/13,FLL-6K8K-01/28/13
1301/Lower Lalaja/28A/101NCD60/DSC_1733.JPG,FLL-5060-01/28/13,FLL-5O6O-01/28/13,FLL-5O6O-01/28/13
1301/Lower Lalaja/27A/100NCD60/DSC_1555.JPG,FLL-5B6P-01/27/13,FLL-5B6P-01/27/13,FLL-5B6P-01/27/13
1301/Lower Lalaja/27B/100NCD90/DSC_0032.JPG,FLL-4K-SK-01/27/13,FLL-4K5K-01/27/13,FLL-4K8K-01/27/13
1301/Caigual/21B/100NCD90/DSC_0060.JPG,FCA-IRGV-01/21/13,FCA-1R6V-01/21/13,FCA-1R6V-01/21/13
1301/Caigual/21A/101NCD60/DSC_1109.JPG,FCA-4R7R-01/21/13,FCA-4R7R-01/21/13,FCA-4R7R-01/21/13
1301/Lower Lalaja/27A/100NCD60/DSC_1620.JPG,MLL-3FGR-01/27/13,MLL-3F6R-01/27/13,MLL-3F6R-01/27/13
1301/Upper Lalaja/2B/102NCD90/DSC_0018.JPG,FUL-JY4N-02/02/13,FUL-JY4N-02/02/13,FUL-1Y4N-02/02/13
1301/Upper Lalaja/2A/100NCD60/DSC_1877.JPG,A-FUL-2565-02/02/13,FUL-2S6S-02/02/13,FUL-2S6S-02/02/13
1301/Lower Lalaja/28A/101NCD60/DSC_1754.JPG,FLL-ZWYW-01/28/13,FLL-2W7W-01/28/13,FLL-2W4S-01/28/13
1301/Lower Lalaja/27A/100NCD60/DSC_1631.JPG,MLL-1K8P-01/27/13,MLL-1K8P-01/27/13,MLL-1K8P-01/27/13
1301/Lower Lalaja/28B/100NCD90/DSC_0020.JPG,FLL-387R-01/28/13,FLL-3F7R-01/28/13,FLL-3B7R-01/28/13
1301/Lower Lalaja/27A/100NCD60/DSC_1549.JPG,FLL-102070-01/27/13,FLL-1O2O70-01/27/13,FLL-1O2O7P-01/27/13
1301/Caigual/21A/101NCD60/DSC_1103.JPG,FCA-3R4G-01/21/13,FCA-3R4G-01/21/13,FCA-3R4G-01/21/13
1301/Upper Lalaja/2A/100NCD60/DSC_1880.JPG,FUL-0307W-02/02/13,FUL-0B0YW-02/02/13,FUL-2O3O7W-02/02/13
1301/Caigual/21B/100NCD90/DSC_0033.JPG,FCA-3281-01/21/13,FCA-3S8I-01/21/13,FCA-3R8Y-01/21/13
1301/Taylor/23B/100NCD90/DSC_0016.JPG,FTY-*-4V7W-01/23/13,FTY-4V7W-01/23/13,FTY-4V7W-01/23/13
1301/Upper Lalaja/2A/100NCD60/DSC_1856.JPG,MUL-4181-02/02/13,MUL-4I8I-02/02/13,MUL-4V8K-02/02/13
1301/Upper Lalaja/2A/100NCD60/DSC_1855.JPG,MUL-305B-02/02/13,MUL-3O5B-02/02/13,MUL-3O5B-02/02/13
1301/Lower Lalaja/27A/100NCD60/DSC_1564.JPG,FLL-3450-01/27/13,FLL-3Y5O-01/27/13,FLL-3Y5O-01/27/13
1301/Caigual/21A/101NCD60/DSC_1066.JPG,FCA-2R66-01/21/13,FCA-2R6G-01/21/13,FCA-2R6G-01/21/13
1301/Lower Lalaja/28A/100NCD60/DSC_1807.JPG,MLL-6-G-7-G-01/28/13,MLL-6G7G-01/28/13,MLL-6G7G-01/28/13
1301/Lower Lalaja/28B/100NCD90/DSC_0024.JPG,FLL-3NAF-01/28/13,FLL-3N7F-01/28/13,FLL-3N7F-01/28/13
1301/Lower Lalaja/28B/100NCD90/DSC_0085.JPG,FLL-4Y5V-01/28/13,FLL-4Y5V-01/28/13,FLL-4Y5V-1/28/13
1301/Upper Lalaja/2A/100NCD60/DSC_1869.JPG,MUL-IVBY-02/02/13,MUL-1V3Y-02/02/13,MUL-1V8Y-02/02/13
1301/Taylor/23A/100NCD60/DSC_1320.JPG,MTY-3B5B-01/23/13,MTY-3B5B-01/23/13,MTY-3B5B-01/23/13
1301/Lower Lalaja/27A/100NCD60/DSC_1566.JPG,LI-3483-01/27/13,1--01/27/13,FLL-3Y8B-01/27/13
1301/Upper Lalaja/4B/100NCD60/DSC_2054.JPG,MUL-IFZR-002/04/13,MUL-1F2R-002/04/13,MUL-1F2R-002/04/13
1301/Upper Lalaja/2A/100NCD60/DSC_1790.JPG,MUL-2V5V-02/02/13,MUL-2V5V-02/02/13,MUL-2V5V-02/02/13
1301/Upper Lalaja/4B/100NCD60/DSC_2117.JPG,FUL-184K-002/04/13,FUL-1F4K-002/04/13,FUL-1B4K-002/04/13
1301/Caigual/21B/100NCD90/DSC_0058.JPG,FCA-4R8G-01/21/13,FCA-4R8G-01/21/13,FCA-4R8G-01/21/13
1301/Lower Lalaja/27B/100NCD90/DSC_0095.JPG,FLL-WX4W-01/27/13-D,FLL-WX4W-01/27/13,FLL-1K4W-01/27/13
1301/Caigual/21B/100NCD90/DSC_0086.JPG,MCA-GR7R-01/21/13,MCA-6R7R-01/21/13,MCA=6R7R-01/21/13
1301/Taylor/23B/100NCD90/DSC_0078.JPG,FTY-4950-01/23/13,FTY-495O-01/23/13,FTY-4P5O-01/23/13
1301/Taylor/24B/100NCD60/DSC_1516.JPG,FTY-3G8P-01/24/13,FTY-3G8P-01/24/13,FFTY-3G8P-01/24/13
1301/Caigual/21B/100NCD90/DSC_0102.JPG,☆-MCA-406B-01/21/13,MCA-4O6B-01/21/13,MCA-4O6B-01/21/13
1301/Lower Lalaja/28A/100NCD60/DSC_1812.JPG,FLL-5470-01/28/13-20,FLL-5Y7O-01/28/13,FLL-5Y7O-01/28/13
1301/Taylor/23B/100NCD90/DSC_0070.JPG,*-FTY-(-WGS-01/23/13,FTY-1W6S-01/23/13,FTY-1W6S-01/23/13
1301/Upper Lalaja/2B/102NCD90/DSC_0008.JPG,FUL-ZVSG-02/02/13,FUL-2V5G-02/02/13,FUL-2V5G-02/02/13
1301/Taylor/23A/100NCD60/DSC_1355.JPG,MTY-0-1-K2-K-ZR-01/23/13,MTY-0IKSKZR-01/23/13,MTY-1K2K7R-01/23/13
1301/Taylor/23B/100NCD90/DSC_0021.JPG,FTY-★-1445-01/23/13,FTY-1Y4S-01/23/13,FTY-1Y4S-01/23/13
1301/Lower Lalaja/28B/100NCD90/DSC_0013.JPG,FLL-2R8B-01/28/13,FLL-2R8B-01/28/13,FLL-2R8B-01/28/13
1301/Taylor/23A/100NCD60/DSC_1330.JPG,MTY-6P7W-01/23/13,MTY-6P7W-01/23/13,MTY-6P7W-01/23/13
1301/Lower Lalaja/27A/100NCD60/DSC_1680.JPG,MLL-2Y60-01/27/13,MLL-2Y6O-01/27/13,MLL-2Y6O-01/27/13
1301/Upper Lalaja/4B/100NCD60/DSC_2124.JPG,FUL-2W76-002/04/13,FUL-2W7G-002/04/13,FUL-2W7G-002/04/13
1301/Caigual/21A/101NCD60/DSC_1058.JPG,FCA-2R7B-01/21/13,FCA-2R7B-01/21/13,FCA-2R7B-01/21/13
1301/Upper Lalaja/4B/100NCD60/DSC_2133.JPG,FUL-104K-002/04/13-WW,FUL-1O4K-002/04/13,FUL-1O4K-002/04/13
1301/Upper Lalaja/4A/100NCD90/DSC_0107.JPG,FUL-1-/-3F-002/04/13,FUL-1-1,FUL-1Y3F-002/04/13
1301/Taylor/23B/100NCD90/DSC_0132.JPG,FTY-184P-01/23/13,FTY-1F4P-01/23/13,FTY-1R4P-01/23/13
1301/Taylor/23B/100NCD90/DSC_0050.JPG,FTY-305K-01/23/13,FTY-3O5K-01/23/13,FTY-3O5K-01/23/13
1301/Upper Lalaja/4B/100NCD60/DSC_2026.JPG,MUL-ZEYN-002/04/13,MUL-2F7N-002/04/13,MUL-2F4N-002/04/13
1301/Caigual/21A/101NCD60/DSC_1138.JPG,FCA-ZR7W-01/21/13,FCA-2R7W-01/21/13,FCA-2R7W-01/21/13
1301/Upper Lalaja/4B/100NCD60/DSC_2050.JPG,O-MUL-5F8-002/04/13,MUL-5F8-002/04/13,MUL-5F8W-002/04/13
1301/Lower Lalaja/28A/100NCD60/DSC_1760.JPG,MLL-17278B-01/28/13,MLL-1Y2Y8B-01/28/13,MLL-1Y2Y8B-01/28/13
1301/Taylor/23B/100NCD90/DSC_0160.JPG,*-FTY-4076-01/23/13,FTY-4O7G-01/23/13,FTY-4O7G-01/23/13
1301/Lower Lalaja/28A/100NCD60/DSC_1799.JPG,MLL-2F4G-01/28/13,MLL-2F4G-01/28/13,MLL-2F4G-01/28/13
1301/Lower Lalaja/28A/100NCD60/DSC_1793.JPG,MLL-IF8W-01/28/13,MLL-1F8W-01/28/13,MLL-1F8W-01/28/13
1301/Upper Lalaja/2A/100NCD60/DSC_1792.JPG,MUL-206B-P-02/02/13,MUL-2O6BP-02/02/13,MUL-2O6B-02/02/13
1301/Taylor/23A/100NCD60/DSC_1424.JPG,MTY-567W-01/23/13,MTY-5G7W-01/23/13,MTY-5G7W-01/23/13
1301/Taylor/23A/100NCD60/DSC_1323.JPG,MTY-2B6W-01/23/13,MTY-2B6W-01/23/13,MTY-2B6W-01/23/13
1301/Lower Lalaja/28A/101NCD60/DSC_1705.JPG,FLL-3Y7B-01/28/13,FLL-3Y7B-01/28/13,FLL-3Y7B-01/28/13
1301/Lower Lalaja/28B/100NCD90/DSC_0053.JPG,FLL-ZVSR-01/28/13,FLL-2V5R-01/28/13,FLL-2V5R-01/28/13
1301/Caigual/21A/101NCD60/DSC_1114.JPG,FCA-ZV4W-01/21/13,FCA-2V4W-01/21/13,FCA-2V4W-01/21/13
1301/Taylor/23B/100NCD90/DSC_0163.JPG,FTY-IR3P-01/23/13,FTY-1R3P-01/23/13,FTY-1R3P-01/23/13
1301/Caigual/21A/101NCD60/DSC_1171.JPG,MCA-2060-01/21/13,MCA-2O6O-01/21/13,MCA-2O6O-01/21/13
1301/Upper Lalaja/2A/100NCD60/DSC_1785.JPG,EX-MUL-2B6K-02/02/13,MUL-2B6K-02/02/13,MUL-2B6K-02/02/13
1301/Lower Lalaja/28A/100NCD60/DSC_1811.JPG,Q-FLL-3B5R-01/28/13,FLL-3B5R-01/28/13,FLL-3B5R-01/28/13
1301/Lower Lalaja/27A/100NCD60/DSC_1536.JPG,FLL-3BSP-01/27/13-|||,FLL-3B5P-01/27/13,FLL-3B5P-01/27/13
1301/Taylor/24B/100NCD60/DSC_1498.JPG,Ģ-1176-01/24/13,1--01/24/13,FTY-1V7G-01/24/13
1301/Caigual/21A/101NCD60/DSC_1229.JPG,MCA-IYAY-01/21/13,MCA-1Y7Y-01/21/13,MCA-1Y8Y-01/21/13
1301/Taylor/23B/100NCD90/DSC_0137.JPG,FTY-IVGR-01/23/13,FTY-1V6R-01/23/13,FTY-1V6R-01/23/13
1301/Upper Lalaja/4B/100NCD60/DSC_2070.JPG,R-FUL-2K3N-002/04/13,FUL-2K3N-002/04/13,FUL-2K3N-002/04/13
1301/Caigual/21A/101NCD60/DSC_1129.JPG,FCA-1076-01/21/13,FCA-1O7G-01/21/13,FCA-1O7W-01/21/13
1301/Lower Lalaja/28B/100NCD90/DSC_0031.JPG,P-FLL-1P8B-01/28/13,FLL-1P8B-01/28/13,FLL-1P8B-01/28/13
1301/Taylor/24B/100NCD60/DSC_1529.JPG,3-FTY-2W53-01/24/13,FTY-2W5B-01/24/13,FTY-2W5S-01/24/13
1301/Lower Lalaja/28A/100NCD60/DSC_1820.JPG,FLL-R-5K6W-01/28/13,FLL-RSKGW-01/28/13,FLL-5K6W-01/28/13
1301/Upper Lalaja/2A/100NCD60/DSC_1901.JPG,FUL-408-N-02/02/13,FUL-4O8N-02/02/13,FUL-4O8N-02/02/13
1301/Caigual/21A/101NCD60/DSC_1168.JPG,MCA-1030-01/21/13,MCA-1O3O-01/21/13,MCA-1O3O-01/21/13
1301/Lower Lalaja/27B/100NCD90/DSC_0002.JPG,FLL-206B-01/27/13,FLL-2O6B-01/27/13,FLL-2O6B-01/27/13
1301/Upper Lalaja/2A/100NCD60/DSC_1843.JPG,MUL-3WSN-02/02/13,MUL-3W5N-02/02/13,MUL-3W5N-02/02/13
1301/Upper Lalaja/4B/100NCD60/DSC_2081.JPG,FUL-IV2Y-002/04/13,FUL-1V2Y-002/04/13,FUL-1V2Y-002/04/13
1301/Lower Lalaja/28A/101NCD60/DSC_1743.JPG,MFLL-ZF5K-01/28/13,MFLL-2F5K-01/28/13,MLL-2F5K-01/28/13
1301/Upper Lalaja/4B/100NCD60/DSC_2091.JPG,FUL-ZNGB-002/04/13,FUL-2N6B-002/04/13,FUL-2N6B-002/04/13
1301/Lower Lalaja/28A/101NCD60/DSC_1715.JPG,FLL-IF-8G-01/28/13,FLL-1F8G-01/28/13,FLL-1F8G-01/28/13
1301/Lower Lalaja/28B/100NCD90/DSC_0040.JPG,FLL-4P70-01/28/13,FLL-4P7O-01/28/13,FLL-4P7O-01/28/13
1301/Lower Lalaja/27A/100NCD60/DSC_1562.JPG,FLL-6B7Y-01/27/13,FLL-6B7Y-01/27/13,FLL-6B7Y-01/27/13
1301/Lower Lalaja/27B/100NCD90/DSC_0049.JPG,FLL-4YSB-01/27/13,FLL-4Y5B-01/27/13,FLL-4Y5B-01/27/13
1301/Taylor/23B/100NCD90/DSC_0017.JPG,FTY-*-6V-74-01/23/13,FTY-6V7Y-01/23/13,FTY-6V7Y-01/23/13
1301/Caigual/21B/100NCD90/DSC_0093.JPG,MCA-3W6B-01/21/13,MCA-3W6B-01/21/13,MCA-3W6B-01/21/13
1301/Taylor/24B/100NCD60/DSC_1452.JPG,FTY-4870-01/24/13,FTY-4F7O-01/24/13,FTY-4R7O-01/24/13
1301/Lower Lalaja/27A/100NCD60/DSC_1574.JPG,FLL-GUAY-01/27/13,FLL-6V7Y-01/27/13,FLL-4V7Y-01/27/13
1301/Upper Lalaja/4B/100NCD60/DSC_2104.JPG,FUL-718V-002/04/13,FUL-7I8V-002/04/13,FUL-7K8V-002/04/13
1301/Lower Lalaja/27A/100NCD60/DSC_1599.JPG,MLL-1V7Y-01/27/13,MLL-1V7Y-01/27/13,MLL-1V7Y-01/27/13
1301/Upper Lalaja/2B/102NCD90/DSC_0073.JPG,FUL-2K3Y-02/02/13,FUL-2K3Y-02/02/13,FUL-2K3Y-02/02/13
1301/Taylor/23A/100NCD60/DSC_1293.JPG,MTY-ZB5P-01/23/13,MTY-2B5P-01/23/13,TY-2B5P-01/23/13
1301/Upper Lalaja/2B/102NCD90/DSC_0104.JPG,FUL-ZUZR-02/02/13,FUL-2V2R-02/02/13,FUL-2V3R-02/02/13
1301/Upper Lalaja/2A/100NCD60/DSC_1897.JPG,FUL-3F8G-02/02/13,FUL-3F8G-02/02/13,FUL-3F8G-02/02/13
1301/Caigual/21B/100NCD90/DSC_0068.JPG,FCA-407R-01/21/13,FCA-4O7R-01/21/13,FCA-4O7R-01/21/13
1301/Caigual/21B/100NCD90/DSC_0051.JPG,FCA-6K7G-01/21/13,FCA-6K7G-01/21/13,FCA-6K7G-01/21/13
1301/Lower Lalaja/27A/100NCD60/DSC_1553.JPG,FLL-6-PB-P-01/27/13,FLL-6P3P-01/27/13,FLL-6P8P-01/27/13
1301/Lower Lalaja/27A/100NCD60/DSC_1545.JPG,FLL-4767-.-01/27/13,FLL-4Y6Y-01/27/13,FLL-4Y6Y-01/27/13
1301/Lower Lalaja/27B/100NCD90/DSC_0042.JPG,FLL-3R6G-01/27/13,FLL-3R6G-01/27/13,FLL-3R6G-01/27/13
1301/Upper Lalaja/2A/100NCD60/DSC_1787.JPG,MUL-265F-02/02/13,MUL-2G5F-02/02/13,MUL-2G5F-02/02/13
1301/Lower Lalaja/27A/100NCD60/DSC_1590.JPG,MLL-IF3W-01/27/13,MLL-1F3W-01/27/13,MLL-1F3W-01/27/13
1301/Upper Lalaja/4B/100NCD60/DSC_2014.JPG,MLL-538-F-01/28/13-||||,MLL-5B8F-01/28/13,MLL-5S8F-01/28/13
1301/Upper Lalaja/2A/100NCD60/DSC_1907.JPG,FUL-1K3G-30-02/02/13,FUL-1K3G30-02/02/13,FUL-1K3G-02/02/13
1301/Upper Lalaja/2A/100NCD60/DSC_1876.JPG,FUL-5N8W-02/02/13,FUL-5N8W-02/02/13,FUL-5N8W-02/02/13
1301/Caigual/21A/101NCD60/DSC_1225.JPG,MCA-3Y4R-01/21/13,MCA-3Y4R-01/21/13,MCA-3Y4R-01/21/13
1301/Taylor/23A/100NCD60/DSC_1354.JPG,MTY-D-1365-01/23/13-200,MTY-DI3G5-01/23/13,MTY-1B6S-01/23/13
1301/Caigual/21A/101NCD60/DSC_1059.JPG,08-FCA-1B4Y-01/21/13,FCA-1B4Y-01/21/13,FCA-1B4Y-01/21/13
1301/Caigual/21B/100NCD90/DSC_0074.JPG,FCA-1660-01/21/13,FCA-1G6O-01/21/13,FCA-1W6O-01/21/13
1301/Taylor/23A/100NCD60/DSC_1247.JPG,MTY-SK6B-01/23/13,MTY-5K6B-01/23/13,MTY-5K6B-01/23/13
1301/Taylor/23B/100NCD90/DSC_0112.JPG,FTY-4W-60-01/23/13,FTY-4W6O-01/23/13,FTY-4W6O-01/23/13
1301/Upper Lalaja/2B/102NCD90/DSC_0056.JPG,FUL-3PSW-02/02/13,FUL-3P5W-02/02/13,FUL-3P5W-02/02/13
1301/Taylor/23B/100NCD90/DSC_0096.JPG,FTY-7585-01/23/13,FTY-7S8S-01/23/13,FTY-7S8S-01/23/13
1301/Upper Lalaja/2B/102NCD90/DSC_0035.JPG,FULD-3K8W-02/02/13,FULD-3K8W-02/02/13,FUL-3K8W-02/02/13
1301/Caigual/21A/101NCD60/DSC_1212.JPG,MCA-&-4Y7V-01/21/13,MCA-4Y7V-01/21/13,MCA-4Y7V-01/21/13
1301/Lower Lalaja/28B/100NCD90/DSC_0113.JPG,FLL-IFGG-01/28/13,FLL-1F6G-01/28/13,FLL-1F6G-01/28/13
1301/Lower Lalaja/28A/101NCD60/DSC_1753.JPG,FLL-SN7F-01/28/13,FLL-5N7F-01/28/13,FLL-5N7F-01/28/13
1301/Upper Lalaja/4A/100NCD90/DSC_0040.JPG,FUL-3V4N-002/04/13,FUL-3V4N-002/04/13,FUL-3V4N-002/04/13
1301/Upper Lalaja/2B/102NCD90/DSC_0024.JPG,FUL-3N7R-02/02/13,FUL-3N7R-02/02/13,FUL-3N7R-02/02/13
1301/Lower Lalaja/28A/100NCD60/DSC_1725.JPG,MLL-6P-7-V-01/28/13,MLL-6P7V-01/28/13,MLL-6P7V-01/28/13
1301/Caigual/21A/101NCD60/DSC_1062.JPG,FCA-1W6P-01/21/13,FCA-1W6P-01/21/13,FCA-1W6P-01/21/13
1301/Caigual/21A/101NCD60/DSC_1096.JPG,FCA-4V8K-01/21/13,FCA-4V8K-01/21/13,FCA-4V8K-01/21/13
1301/Caigual/21A/101NCD60/DSC_1207.JPG,MCA-5B7V-01/21/13,MCA-5B7V-01/21/13,MCA-5B7V-01/21/13
1301/Lower Lalaja/28A/100NCD60/DSC_1690.JPG,MLL-208G-01/28/13,MLL-2O8G-01/28/13,MLL-2O8G-01/28/13
1301/Caigual/21A/101NCD60/DSC_1067.JPG,FCA-407W-01/21/13,FCA-4O7W-01/21/13,FCA-4O7W-01/21/13
1301/Upper Lalaja/4B/100NCD60/DSC_1992.JPG,MUL-3N6B-002/04/13-|||,MUL-3N6B-002/04/13,MUL-3N6B-002/04/13
1301/Lower Lalaja/27A/100NCD60/DSC_1601.JPG,MLL-3GFF-01/27/13-M,MLL-3GFF-01/27/13,MLL-3G7F-01/27/13
1301/Upper Lalaja/2B/102NCD90/DSC_0068.JPG,FUL-2W5V-02/02/13,FUL-2W5V-02/02/13,FUL-2W5V-02/02/13
1301/Lower Lalaja/27B/100NCD90/DSC_0050.JPG,FLL-2YSV-SU-01/27/13,FLL-2Y5V5U-01/27/13,FLL-2Y5V-01/27/13
1301/Lower Lalaja/27A/100NCD60/DSC_1586.JPG,MLL-1550-01/27/13,MLL-1S5O-01/27/13,MLL-2F5O-01/27/13
1301/Taylor/23A/100NCD60/DSC_1324.JPG,MTY-308K-01/23/13,MTY-3O8K-01/23/13,MTY-3O8K-01/23/13
1301/Lower Lalaja/27B/100NCD90/DSC_0012.JPG,FLL-3R4W-01/27/13,FLL-3R4W-01/27/13,FLL-3K4W-01/27/13
1301/Lower Lalaja/27B/100NCD90/DSC_0026.JPG,FLL-5F7W-01/27/13,FLL-5F7W-01/27/13,FLL-5F7W-01/27/13
1301/Caigual/21A/101NCD60/DSC_1086.JPG,SRAG-01/21/13,1--01/21/13,FCA-5R7G-01/21/13
1301/Taylor/24A/100NCD90/DSC_0055.JPG,FTY-105K-01/24/13,FTY-1O5K-01/24/13,FTY-1O5K-01/24/13
1301/Taylor/23B/100NCD90/DSC_0092.JPG,FTY-#-IK-ZV-01/23/13,FTY-1K2V-01/23/13,FTY-1K7V-01/23/13
1301/Lower Lalaja/27A/100NCD60/DSC_1648.JPG,MLL-2Y6F-01/27/13,MLL-2Y6F-01/27/13,MLL-2Y6F-01/27/13
1301/Lower Lalaja/28A/100NCD60/DSC_1739.JPG,O-MLL-6180-01/28/13,MLL-6I8O-01/28/13,MLL-6K8O-01/28/13
1301/Lower Lalaja/27B/100NCD90/DSC_0009.JPG,FLL-368B-01/27/13,FLL-3G8B-01/27/13,FLL-3F8B-01/27/13
1301/Lower Lalaja/28B/100NCD90/DSC_0112.JPG,FLL-6K8B-01/28/13,FLL-6K8B-01/28/13,FLL-6K8B-01/28/13
1301/Caigual/21B/100NCD90/DSC_0021.JPG,FCA-IW-8V-01/21/13,FCA-1W8V-01/21/13,FCA-1W8V-01/21/13
1301/Taylor/23A/100NCD60/DSC_1261.JPG,MTY-3R5G-01/23/13,MTY-3R5G-01/23/13,MTY-3R5G-01/23/13
1301/Taylor/23B/100NCD90/DSC_0035.JPG,FTY-4-V8-V-01/23/13,FTY-4V8V-01/23/13,FTY-4V8V-01/23/13
1301/Upper Lalaja/2B/102NCD90/DSC_0110.JPG,FUL-435P-02/02/13,FUL-4B5P-02/02/13,FUL-4B5P-02/02/13
1301/Upper Lalaja/2A/100NCD60/DSC_1894.JPG,FUL-2141-02/02/13,FUL-2I4I-02/02/13,FUL-2B4K-02/02/13
1301/Taylor/23B/100NCD90/DSC_0158.JPG,FTY-*-1P6K-01/23/13,FTY-1P6K-01/23/13,FTY-1P6K-01/23/13
1301/Caigual/21A/101NCD60/DSC_1118.JPG,FCA-2K5W-01/21/13,FCA-2K5W-01/21/13,FCA-2K5W-01/21/13
1301/Caigual/21A/101NCD60/DSC_1084.JPG,FCA-667B-01/21/13,FCA-6G7B-01/21/13,FCA-6W7B-01/21/13
1301/Lower Lalaja/27B/100NCD90/DSC_0087.JPG,FLL-18/15-01/27/13,FLL--1,FLL-5Y8V-01/27/13
1301/Taylor/23A/100NCD60/DSC_1347.JPG,MTY-7086-01/23/13,MTY-7O8G-01/23/13,MTY-7O8W-01/23/13
1301/Lower Lalaja/27A/100NCD60/DSC_1624.JPG,MLL-5F87-01/27/13,MLL-5F8Y-01/27/13,MLL-5F8Y-01/27/13
1301/Upper Lalaja/4A/100NCD90/DSC_0080.JPG,FUL-2P4W-002/04/13,FUL-2P4W-002/04/13,FUL-2P4W-002/04/13
1301/Caigual/21A/101NCD60/DSC_1157.JPG,FCA-2W3V-01/21/13,FCA-2W3V-01/21/13,FCA-2W3V-01/21/13
1301/Upper Lalaja/4A/100NCD90/DSC_0032.JPG,FUL-2F4V-002/04/13,FUL-2F4V-002/04/13,FUL-2F4V-002/04/13
1301/Lower Lalaja/28B/100NCD90/DSC_0128.JPG,FLL-608P-01/28/13,FLL-6O8P-01/28/13,FLL-6O8P-01/28/13
1301/Taylor/23A/100NCD60/DSC_1274.JPG,MTY-ZB5G-01/23/13,MTY-2B5G-01/23/13,MTY-2B5G-01/23/13
1301/Caigual/21A/101NCD60/DSC_1176.JPG,MCA-IW3W-01/21/13,MCA-1W3W-01/21/13,MCA-1W3W-01/21/13
1301/Lower Lalaja/27A/100NCD60/DSC_1603.JPG,MLL-1W4B-01/27/13-|||,MLL-1W4B-01/27/13,MLL-1W4B-01/27/13
1301/Taylor/23B/100NCD90/DSC_0152.JPG,FTY-6R75-01/23/13,FTY-6R7S-01/23/13,FTY-6R7S-01/23/13
1301/Upper Lalaja/4A/100NCD90/DSC_0109.JPG,FUL-ZR6G-002/04/13,FUL-2R6G-002/04/13,FUL-2R6G-002/04/13
1301/Upper Lalaja/2B/102NCD90/DSC_0130.JPG,FUL-1-P6-B-02/02/13,FUL-1P6B-02/02/13,FUL-1P6B-02/02/13
1301/Lower Lalaja/27B/100NCD90/DSC_0080.JPG,FLL-☆-1080-01/27/13,FLL-1O8O-01/27/13,FLL-1O8O-01/27/13
1301/Lower Lalaja/27B/100NCD90/DSC_0098.JPG,FLL-3480³-01/27/13,FLL-3Y8O-01/27/13,FLL-3Y8V-01/27/13
1301/Caigual/21A/101NCD60/DSC_1167.JPG,MCA-268W-01/21/13,MCA-2G8W-01/21/13,MCA-2G8W-01/21/13
1301/Lower Lalaja/28A/101NCD60/DSC_1716.JPG,FLL-12776-01/28/13,FLL-1S7Y6-01/28/13,FLL-1Y2Y7G-01/28/13
1301/Caigual/21B/100NCD90/DSC_0088.JPG,MCA-4678-01/21/13,MCA-4G7F-01/21/13,MCA-4G7B-01/21/13
1301/Taylor/23A/100NCD60/DSC_1239.JPG,MTY-2V3-P-13-01/23/13,MTY-2V3P13-01/23/13,MTY-2V3P-01/23/13
1301/Upper Lalaja/2A/100NCD60/DSC_1776.JPG,MUL-IN35-02/02/13,MUL-1N3S-02/02/13,MUL-1N3S-02/02/13
1301/Upper Lalaja/4A/100NCD90/DSC_0073.JPG,FULTO-5070-002/04/13,FULTO-5O7O-002/04/13,FUL-5N7O-002/04/13
1301/Lower Lalaja/27B/100NCD90/DSC_0044.JPG,FLL-2660-01/27/13,FLL-2G6O-01/27/13,FLL-2G60-01/27/13
1301/Lower Lalaja/28A/101NCD60/DSC_1744.JPG,MELL-3Y-01/28/13-||,MELL-3Y-01/28/13,MLL-3Y-01/28/13
1301/Lower Lalaja/28B/100NCD90/DSC_0131.JPG,FLL-X-366B-01/28/13,FLL-XB6G3-01/28/13,FLL-3G6B-01/28/13
1301/Taylor/23B/100NCD90/DSC_0114.JPG,FTY-2-B-4-R-01/23/13,FTY-2B4R-01/23/13,FTY-2B4R-01/23/13
1301/Caigual/21A/101NCD60/DSC_1216.JPG,MCA-5Y7B-01/21/13-||||,MCA-5Y7B-01/21/13,MCA-5Y7B-01/21/13
1301/Upper Lalaja/4B/100NCD60/DSC_2109.JPG,FUL-INSN-002/04/13,FUL-1N5N-002/04/13,FUL-1N8N-002/04/13
1301/Lower Lalaja/28A/100NCD60/DSC_1701.JPG,01/28/13-D-Z-D-G-TW,D--1,MLL-6P7R-01/28/13
1301/Taylor/23A/100NCD60/DSC_1434.JPG,MTY-1080-01/23/13,MTY-1O8O-01/23/13,MTY-1W8V-01/23/13
1301/Taylor/23B/100NCD90/DSC_0147.JPG,FTY-1V3V-01/23/13,FTY-1V3V-01/23/13,FTY-1V3V-01/23/13
1301/Lower Lalaja/28B/100NCD90/DSC_0082.JPG,FLL-4R5V-01/28/13,FLL-4R5V-01/28/13,FLL-4R5V-01/28/13
1301/Caigual/21A/101NCD60/DSC_1119.JPG,FCA-4V6G-01/21/13,FCA-4V6G-01/21/13,FCA-4V6G-01/21/13
1301/Upper Lalaja/4A/100NCD90/DSC_0108.JPG,FUL-1Y7V-002/04/13,FUL-1Y7V-002/04/13,FUL-1Y7V-002/04/13
1301/Taylor/24B/100NCD60/DSC_1466.JPG,FTY-ZRSB-01/24/13,FTY-2R5B-01/24/13,FTY-2R5B-01/24/13
1301/Upper Lalaja/2A/100NCD60/DSC_1938.JPG,FUL-2G8R-20-02/02/13,FUL-2G8R20-02/02/13,FUL-2G8R-02/02/13
1301/Caigual/21A/101NCD60/DSC_1090.JPG,FCA-3R7G-01/21/13,FCA-3R7G-01/21/13,FCA-3R7G-01/21/13
1301/Upper Lalaja/2A/100NCD60/DSC_1920.JPG,FUL-6W-70-02/02/13,FUL-6W7O-02/02/13,FUL-6W7O-02/02/13
1301/Upper Lalaja/2A/100NCD60/DSC_1772.JPG,MUL-O-GNOR-02/02/13,MUL-OGNOR-02/02/13,MUL-6N8R-02/02/13
1301/Taylor/23A/100NCD60/DSC_1266.JPG,MTY-2051-W-01/23/13,MTY-2O5IW-01/23/13,MTY-2O5W-01/23/13
1301/Upper Lalaja/2A/100NCD60/DSC_1924.JPG,FUL-2V4Y-02/02/13,FUL-2V4Y-02/02/13,FUL-2V4Y-02/02/13
1301/Upper Lalaja/4A/100NCD90/DSC_0008.JPG,FUL-3065-002/04/13,FUL-3O6S-002/04/13,FUL-3O6S-002/04/13
1301/Lower Lalaja/28A/100NCD60/DSC_1767.JPG,MLL-6K7G-01/28/13,MLL-6K7G-01/28/13,MLL-6K7G-01/28/13
1301/Upper Lalaja/4A/100NCD90/DSC_0082.JPG,FUL-3K5W-002/04/13,FUL-3K5W-002/04/13,FUL-3K5W-002/04/13
1301/Caigual/21A/101NCD60/DSC_1082.JPG,FCA-1884-01/21/13,FCA-1F8Y-01/21/13,FCA-1P8Y-01/21/13
1301/Lower Lalaja/28A/101NCD60/DSC_1725.JPG,MELL-IP-2-P-Q-V-01/28/13,MELL-1P2PQV-01/28/13,MLL-1P2P8V-01/28/13
1301/Taylor/23B/100NCD90/DSC_0183.JPG,667K-01/23/13,1--01/23/13,1
1301/Upper Lalaja/4A/100NCD90/DSC_0035.JPG,FUL-IVAN-002/04/13,FUL-1V7N-002/04/13,FUL-1V7N-002/04/13
1301/Lower Lalaja/28A/101NCD60/DSC_1765.JPG,FLL-205W-01/28/13,FLL-2O5W-01/28/13,FLL-2O5W-01/28/13
1301/Upper Lalaja/2B/102NCD90/DSC_0070.JPG,FUL-☆-2G7W-02/02/13,FUL-2G7W-02/02/13,FUL-2G7W-02/02/13
1301/Lower Lalaja/27B/100NCD90/DSC_0074.JPG,FLL-1086-01/27/13,FLL-1O8G-01/27/13,FLL-1O8G-01/27/13
1301/Taylor/24B/100NCD60/DSC_1490.JPG,FTY-1960-01/24/13,FTY-196O-01/24/13,FTY-1G6O-01/24/13
1301/Upper Lalaja/2A/100NCD60/DSC_1830.JPG,O-MUL-3K71-02/02/13,MUL-3K7I-02/02/13,MUL-3K7N-02/02/13
1301/Upper Lalaja/2A/100NCD60/DSC_1925.JPG,FUL-1241-02/02/13,FUL-1S4I-02/02/13,FUL-1K4Y-02/02/13
1301/Caigual/21A/101NCD60/DSC_1221.JPG,A-MCA-1W7K-01/21/13,MCA-1W7K-01/21/13,MCA-1W7K-01/21/13
1301/Upper Lalaja/4B/100NCD60/DSC_2093.JPG,FUL-1740-002/04/13,FUL-1Y4O-002/04/13,FUL-1Y4O-002/04/13
1301/Lower Lalaja/27B/100NCD90/DSC_0089.JPG,FLL-406B-01/27/13,FLL-4O6B-01/27/13,FLL-4O6B-01/27/13
1301/Lower Lalaja/27A/100NCD60/DSC_1669.JPG,MLL-IB7W-01/27/13,MLL-1B7W-01/27/13,MLL-1B7W-01/27/13
1301/Caigual/21B/100NCD90/DSC_0056.JPG,FCA-IP7P-01/21/13,FCA-1P7P-01/21/13,FCA-1P7P-01/21/13
1301/Lower Lalaja/27A/100NCD60/DSC_1650.JPG,C-MLL-3P5F-01/27/13,MLL-3P5F-01/27/13,MLL-3P5F-01/27/13
1301/Upper Lalaja/4B/100NCD60/DSC_2077.JPG,FUL✰-7P8Y-002/04/13,FUL-7P8Y-002/04/13,FUL-7P8Y-002/04/13
1301/Taylor/23A/100NCD60/DSC_1329.JPG,MTY-5YOP-01/23/13,MTY-5YOP-01/23/13,MTY-5Y8P-01/23/13
1301/Caigual/21B/100NCD90/DSC_0042.JPG,FCA-3√76-01/21/13,FCA-3Y6-01/21/13,FCA-3V7G-01/21/13
1301/Upper Lalaja/4B/100NCD60/DSC_2047.JPG,MUL-ZK8S-002/04/13,MUL-2K8S-002/04/13,MUL-2K8S-002/04/13
1301/Caigual/21A/101NCD60/DSC_1141.JPG,FCA-(-W7V-01/21/13,FCA-1W7V-01/21/13,FCA-1W7V-01/21/13
1301/Taylor/23B/100NCD90/DSC_0022.JPG,FTY-1446-01/23/13,FTY-1Y4G-01/23/13,FTY-1Y4G-01/23/13
1301/Upper Lalaja/2A/100NCD60/DSC_1824.JPG,MUL-6-W-OF-02/02/13,MUL-6WOF-02/02/13,MUL-6W8F-02/02/13
1301/Caigual/21A/101NCD60/DSC_1170.JPG,TML-01/21/13,1--01/21/13,FCA-1W7B-01/21/13
1301/Lower Lalaja/28A/100NCD60/DSC_1819.JPG,FLL-2P5V-01/28/13,FLL-2P5V-01/28/13,FLL-2P5V-01/28/13
1301/Caigual/21A/101NCD60/DSC_1128.JPG,FCA-406K-01/21/13,FCA-4O6K-01/21/13,FCA-4O6K-01/21/13
1301/Lower Lalaja/28B/100NCD90/DSC_0144.JPG,FLL-3P8R-01/28/13,FLL-3P8R-01/28/13,FLL-3P8R-01/28/13
1301/Taylor/23A/100NCD60/DSC_1435.JPG,0-MTY-2Y8R-01/23/13-20,MTY-2Y8R-01/23/13,MTY-2Y8R-01/23/13
1301/Upper Lalaja/4B/100NCD60/DSC_1969.JPG,MUL-ZW3F-002/04/13,MUL-2W3F-002/04/13,MUL-2W3F-002/04/13
1301/Upper Lalaja/2B/102NCD90/DSC_0063.JPG,FUL-2B3R-02/02/13,FUL-2B3R-02/02/13,FUL-2B3R-02/02/13
1301/Lower Lalaja/27A/100NCD60/DSC_1642.JPG,MLL-2-V6B-01/27/13,MLL-2V6B-01/27/13,MLL-2V6B-01/27/13
1301/Lower Lalaja/27B/100NCD90/DSC_0053.JPG,FLL-4886-01/27/13,FLL-4F8G-01/27/13,FLL-4B8G-01/27/13
1301/Upper Lalaja/4A/100NCD90/DSC_0069.JPG,FUL-6087-002/04/13,FUL-6O8Y-002/04/13,FUL-6O8Y-002/04/13
1301/Lower Lalaja/27A/100NCD60/DSC_1542.JPG,FLL-2G₂5K-01/27/13,FLL-2G5K-01/27/13,FLL-2G5K-01/27/13
1301/Upper Lalaja/2B/102NCD90/DSC_0066.JPG,FUL-2W8B-02/02/13,FUL-2W8B-02/02/13,FUL-2W8B-02/02/13
1301/Taylor/24B/100NCD60/DSC_1521.JPG,FTY-2Y5R-01/24/13,FTY-2Y5R-01/24/13,FTY-2Y5R-01/24/13
1301/Lower Lalaja/27A/100NCD60/DSC_1630.JPG,MLL-3B5W-01/27/13,MLL-3B5W-01/27/13,MLL-3B5W-01/27/13
1301/Taylor/24B/100NCD60/DSC_1508.JPG,FTY-5B6Y-01/24/13,FTY-5B6Y-01/24/13,FTY-5B6Y-01/24/13
1301/Upper Lalaja/4B/100NCD60/DSC_2042.JPG,MUL-1F41-002/04/13,MUL-1F4I-002/04/13,MUL-1F4R-002/04/13
1301/Upper Lalaja/2B/102NCD90/DSC_0051.JPG,FUL-10SK-02/02/13,FUL-1O5K-02/02/13,FUL-1O5K-02/02/13
1301/Taylor/24B/100NCD60/DSC_1487.JPG,FTY-6875-01/24/13,FTY-6F7S-01/24/13,FTY-6B7S-01/24/13
1301/Upper Lalaja/2A/100NCD60/DSC_1915.JPG,*-FUL-IP-3G-02/02/13,FUL-1P3G-02/02/13,FUL-1P3G-02/02/13
1301/Lower Lalaja/27A/100NCD60/DSC_1594.JPG,MLL-146R-01/27/13,MLL-1Y6R-01/27/13,MLL-1G6R-01/27/13
1301/Upper Lalaja/4A/100NCD90/DSC_0038.JPG,FUL-|-F4W-002/04/13,FUL-FYW-002/04/13,FUL-1F4W-002/04/13
1301/Taylor/24B/100NCD60/DSC_1520.JPG,FTY-4PGR-01/24/13,FTY-4P6R-01/24/13,FTY-4P6R-01/24/13
1301/Lower Lalaja/27B/100NCD90/DSC_0025.JPG,FLL-IESP-01/27/13,FLL-1F5P-01/27/13,FLL-1F5P-01/27/13
1301/Lower Lalaja/28B/100NCD90/DSC_0102.JPG,1-J-FLL-508R-01/28/13,J-FLLS08R-01/28/13,FLL-5O8R-01/28/13
1301/Caigual/21B/100NCD90/DSC_0054.JPG,FCA-I-KAR-01/21/13,FCA-1K7R-01/21/13,FCA-1K7R-01/21/13
1301/Lower Lalaja/27A/100NCD60/DSC_1617.JPG,MLL-2N7F-01/27/13,MLL-2N7F-01/27/13,MLL-2N7F-01/27/13
1301/Taylor/24A/100NCD90/DSC_0058.JPG,FTY-YAY-01/24/13,FTY-7A7-01/24/13,FTY-1Y7Y-01/24/13
1301/Taylor/23A/100NCD60/DSC_1254.JPG,*-MTY-4855-01/23/13,MTY-4F5S-01/23/13,MTY-4P5S-01/23/13
1301/Lower Lalaja/28A/101NCD60/DSC_1722.JPG,FLL-3F40-01/28/13,FLL-3F4O-01/28/13,FLL-3F4O-01/28/13
1301/Lower Lalaja/27A/100NCD60/DSC_1607.JPG,MLL-408G-01/27/13,MLL-4O8G-01/27/13,MLL-4O8G-01/27/13
1301/Upper Lalaja/2A/100NCD60/DSC_1890.JPG,FUL-208-02/02/13,FUL-2O8-02/02/13,FUL-2O8R-02/02/13
1301/Lower Lalaja/28A/101NCD60/DSC_1701.JPG,FLL-44769-01/28/13,FLL-4Y7G9-01/28/13,FLL-2Y7G-01/28/13
1301/Upper Lalaja/4B/100NCD60/DSC_2037.JPG,MUL-2F4V-002/04/13,MUL-2F4V-002/04/13,MUL-2F4V-002/04/13
1301/Upper Lalaja/4A/100NCD90/DSC_0102.JPG,FUL-4766-002/04/13,FUL-4Y6G-002/04/13,FUL-4Y6G-002/04/13
1301/Lower Lalaja/28A/101NCD60/DSC_1737.JPG,DA-29X15-FLL-01/28/13,1-FLL-01/28/13,FLL-5K6Y-01/28/13
1301/Taylor/23B/100NCD90/DSC_0053.JPG,FTY-4-Y8V-01/23/13,FTY-4Y8V-01/23/13,FTY-4Y8V-01/23/13
1301/Upper Lalaja/2A/100NCD60/DSC_1784.JPG,MUL-16-%-V-11-02/02/13,MUL-1GVI1-02/02/13,MUL-1G8V-02/02/13
1301/Upper Lalaja/2B/102NCD90/DSC_0091.JPG,FUL-IP3Y-02/02/13,FUL-1P3Y-02/02/13,FUL-1P3Y-02/02/13
1301/Upper Lalaja/2A/100NCD60/DSC_1910.JPG,FUL-7680-02/02/13,FUL-7G8O-02/02/13,FUL-7G8O-02/02/13
1301/Caigual/21A/101NCD60/DSC_1095.JPG,FCA-6V76-01/21/13,FCA-6V7G-01/21/13,FCA-6V7G-01/21/13
1301/Lower Lalaja/27B/100NCD90/DSC_0054.JPG,FLL-3F-SO-01/27/13,FLL-3F5O-01/27/13,FLL-3F5O-01/27/13
1301/Upper Lalaja/4B/100NCD60/DSC_2062.JPG,FUL-5175-002/04/13,FUL-5I7S-002/04/13,FUL-5R7S-002/04/13
1301/Taylor/23B/100NCD90/DSC_0041.JPG,FTY-3V8G-01/23/13,FTY-3V8G-01/23/13,FTY-3V8G-01/23/13
1301/Taylor/23A/100NCD60/DSC_1315.JPG,MTY-56180-01/23/13,MTY-5G1F0-01/23/13,MTY-5G8O-01/23/13
1301/Upper Lalaja/2A/100NCD60/DSC_1879.JPG,FUL-4V6Y-02/02/13,FUL-4V6Y-02/02/13,FUL-4V6Y-02/02/13
1301/Lower Lalaja/28A/100NCD60/DSC_1731.JPG,MLL-7R80-01/28/13,MLL-7R8O-01/28/13,MLL-7R8O-01/28/13
1301/Upper Lalaja/4A/100NCD90/DSC_0023.JPG,FUL-6-F-7-R-002/04/13,FUL-6F7R-002/04/13,FUL-6F7R-002/04/13
1301/Lower Lalaja/28A/100NCD60/DSC_1822.JPG,FLL-6Y8G-01/28/13,FLL-6Y8G-01/28/13,FLL-6Y8G-01/28/13
1301/Upper Lalaja/4B/100NCD60/DSC_2008.JPG,MUL-107P-002/04/13,MUL-1O7P-002/04/13,MUL-1O7P-002/04/13
1301/Taylor/23B/100NCD90/DSC_0058.JPG,FTY-X-1P6B-01/23/13,FTY-XIPG3-01/23/13,FTY-1P6B-01/23/13
1301/Lower Lalaja/27A/100NCD60/DSC_1661.JPG,MLL-2Y3W-01/27/13,MLL-2Y3W-01/27/13,MLL-2Y3W-01/27/13
1301/Upper Lalaja/4A/100NCD90/DSC_0017.JPG,FUL-2P7N-002/04/13,FUL-2P7N-002/04/13,FUL-2P7N-002/04/13
1301/Lower Lalaja/28A/100NCD60/DSC_1741.JPG,MLL-2VSP-01/28/13,MLL-2V5P-01/28/13,MLL-2V5P-01/28/13
1301/Upper Lalaja/2A/100NCD60/DSC_1845.JPG,MUL-5K6B-02/02/13,MUL-5K6B-02/02/13,MUL-5K6B-02/02/13
1301/Caigual/21B/100NCD90/DSC_0061.JPG,FCA-(-V3K-01/21/13,FCA-1V3K-01/21/13,FCA-1V3K-01/21/13
1301/Upper Lalaja/2A/100NCD60/DSC_1821.JPG,MUL-3NAG-02/02/13,MUL-3N7G-02/02/13,MUL-3N4G-02/02/13
1301/Upper Lalaja/2B/102NCD90/DSC_0077.JPG,FUL-2G3R-02/02/13,FUL-2G3R-02/02/13,FUL-2G3R-02/02/13
1301/Upper Lalaja/2B/102NCD90/DSC_0116.JPG,FUL-☆-IF-F6R-02/02/13,FUL-1FFGR-02/02/13,FUL-1F6R-02/02/13
1301/Upper Lalaja/2B/102NCD90/DSC_0081.JPG,FUL-6Y8F-02/02/13,FUL-6Y8F-02/02/13,FUL-6Y8F-02/02/13
1301/Upper Lalaja/4B/100NCD60/DSC_2030.JPG,MUL-2070-002/04/13,MUL-2O7O-002/04/13,MUL-2P7O-002/04/13
1301/Caigual/21A/101NCD60/DSC_1052.JPG,FCA-ZYBY-01/21/13,FCA-2Y3Y-01/21/13,FCA-2Y3Y-01/21/13
1301/Taylor/23B/100NCD90/DSC_0042.JPG,FTY-X-6W-7W-01/23/13,FTY-XGWYW-01/23/13,FTY-6W7W-01/23/13
1301/Upper Lalaja/2B/102NCD90/DSC_0050.JPG,FUL-W6W-02/02/13,FUL-WGW-02/02/13,FUL-1N6W-02/02/13
1301/Taylor/23B/100NCD90/DSC_0045.JPG,FTYX-4060-01/23/13,FTYX-4O6O-01/23/13,FTY-4B6O-01/23/13
1301/Lower Lalaja/28A/101NCD60/DSC_1752.JPG,FLL-5P6Y-01/28/13,FLL-5P6Y-01/28/13,FLL-5P6Y-01/28/13
1301/Taylor/24B/100NCD60/DSC_1455.JPG,MTY-PY-SWAW-01/24/13,MTY-PY5W7W-01/24/13,MTY-5W7W-01/24/13
1301/Taylor/23B/100NCD90/DSC_0167.JPG,FTY-2750-01/23/13,FTY-2Y5O-01/23/13,FTY-2Y5O-01/23/13
1301/Caigual/21A/101NCD60/DSC_1125.JPG,FCA-5P7V-01/21/13,FCA-5P7V-01/21/13,FCA-5P7V-01/21/13
1301/Lower Lalaja/28A/100NCD60/DSC_1810.JPG,FLL-OGB-01/28/13,FLL-OG3-01/28/13,FLL-5O6B-01/28/13
1301/Lower Lalaja/27A/100NCD60/DSC_1571.JPG,FLL-7B8B-01/27/13,FLL-7B8B-01/27/13,FLL-7B8B-01/27/13
1301/Upper Lalaja/2B/102NCD90/DSC_0087.JPG,FUL-INZP-02/02/13,FUL-1N2P-02/02/13,FUL-1N2P-02/02/13
1301/Caigual/21A/101NCD60/DSC_1085.JPG,FCA-IVZW-01/21/13,FCA-1V2W-01/21/13,FCA-1V2W-01/21/13
1301/Caigual/21A/101NCD60/DSC_1156.JPG,FCA-TRGG-1/21/13,FCA-1R6G-1,FCA-1R6G-01/21/13
1301/Lower Lalaja/27B/100NCD90/DSC_0027.JPG,FLL-3B7Y-01/27/13,FLL-3B7Y-01/27/13,FLL-3B7Y-01/27/13
1301/Caigual/21A/101NCD60/DSC_1217.JPG,MCA-TRZY-01/21/13,MCA-1R2Y-01/21/13,MCA-1R7Y-01/21/13
1301/Upper Lalaja/2A/100NCD60/DSC_1909.JPG,FUL-4W7B-02/02/13-||,FUL-4W7B-02/02/13,FUL-4W7B-02/02/13
1301/Caigual/21A/101NCD60/DSC_1073.JPG,FCA-4466-01/21/13,FCA-4Y6G-01/21/13,FCA-2Y6G-01/21/13
1301/Lower Lalaja/28A/100NCD60/DSC_1730.JPG,MLL-3R5F-01/28/13,MLL-3R5F-01/28/13,MLL-3R5F-01/28/13
1301/Upper Lalaja/4B/100NCD60/DSC_2057.JPG,MUL-ZEUG-002/04/13,MUL-2F4G-002/04/13,MUL-2F4G-002/04/13
1301/Lower Lalaja/27A/100NCD60/DSC_1646.JPG,MLL-6070-01/27/13,MLL-6O7O-01/27/13,MLL-6O7O-01/27/13
1301/Taylor/23A/100NCD60/DSC_1284.JPG,MTY-4F53-01/23/13,MTY-4F5B-01/23/13,MTY-4F5S-01/23/13
1301/Lower Lalaja/27A/100NCD60/DSC_1627.JPG,MLL-ATTZ-.-2-01/27/13,MLL-7T1Z2-01/27/13,MLL-2F7R-01/27/13
1301/Lower Lalaja/28A/100NCD60/DSC_1715.JPG,MLL-[-F2V-01/28/13,MLL-FSV-01/28/13,MLL-1F2V-01/28/13
1301/Lower Lalaja/28A/100NCD60/DSC_1782.JPG,MLL-ZW3V-01/28/13-||||,MLL-2W3V-01/28/13,MLL-2W3V-01/28/13
1301/Upper Lalaja/2A/100NCD60/DSC_1928.JPG,FUL-3994-02/02/13,FUL-399Y-02/02/13,FUL-3G4Y-02/02/13
1301/Taylor/24A/100NCD90/DSC_0015.JPG,FTY-SK8U-01/24/13,FTY-5K8V-01/24/13,FTY-5K8V-01/24/13
1301/Taylor/23B/100NCD90/DSC_0159.JPG,FTY-1YGV-01/23/13,FTY-1Y6V-01/23/13,FTY-1Y6V-01/23/13
1301/Lower Lalaja/28B/100NCD90/DSC_0008.JPG,FLL-4380-01/28/13,FLL-4B8O-01/28/13,FLL-4B8O-01/28/13
1301/Taylor/24A/100NCD90/DSC_0032.JPG,FTY-IBSY-01/24/13,FTY-1B5Y-01/24/13,FTY-1B5Y-01/24/13
1301/Upper Lalaja/4B/100NCD60/DSC_2105.JPG,FUL-708-B-002/04/13,FUL-7O8B-002/04/13,FUL-7O8B-002/04/13
1301/Lower Lalaja/28A/100NCD60/DSC_1762.JPG,MLL-IP5P-01/28/13,MLL-1P5P-01/28/13,MLL-1P5P-01/28/13
1301/Lower Lalaja/27A/100NCD60/DSC_1559.JPG,FLL-(-W8V-01/27/13,FLL-1W8V-01/27/13,FLL-1W8V-01/27/13
1301/Taylor/24A/100NCD90/DSC_0008.JPG,FTY-3-W4W-01/24/13,FTY-3W4W-01/24/13,FTY-3W4W-01/24/13
1301/Upper Lalaja/2A/100NCD60/DSC_1807.JPG,MUL-IRBY-02/02/13,MUL-1R3Y-02/02/13,MUL-1R3Y-02/02/13
1301/Lower Lalaja/27B/100NCD90/DSC_0008.JPG,FLL-2W6W-01/27/13,FLL-2W6W-01/27/13,FLL-2W6W-01/27/13
1301/Taylor/23A/100NCD60/DSC_1286.JPG,MTY-3G6W-01/23/13,MTY-3G6W-01/23/13,MTY-3G6W-01/23/13
1301/Upper Lalaja/2B/102NCD90/DSC_0032.JPG,FUL-263P-02/02/13,FUL-2G3P-02/02/13,FUL-2F3P-02/02/13
1301/Upper Lalaja/4A/100NCD90/DSC_0058.JPG,FUL-IBSG-002/04/13,FUL-1B5G-002/04/13,FUL-1B5G-002/04/13
1301/Caigual/21A/101NCD60/DSC_1220.JPG,R-MCA-5071-01/21/13,MCA-5O7I-01/21/13,MCA-5O7R-01/21/13
1301/Upper Lalaja/2A/100NCD60/DSC_1775.JPG,MUL-1P4-F-02/02/13,MUL-1P4F-02/02/13,MUL-1P4F-02/02/13
1301/Lower Lalaja/28A/100NCD60/DSC_1724.JPG,MLL-79/1-01/28/13,MLL--1,MLL-1Y6K-01/28/13
1301/Taylor/24B/100NCD60/DSC_1525.JPG,FTY-2B5W-01/24/13,FTY-2B5W-01/24/13,FTY-2B5W-01/24/13
1301/Upper Lalaja/4B/100NCD60/DSC_2017.JPG,MUL-1460-002/04/13,MUL-1Y6O-002/04/13,MUL-1Y6O-002/04/13
1301/Lower Lalaja/27A/100NCD60/DSC_1592.JPG,MLL-5Y8B-01/27/13,MLL-5Y8B-01/27/13,MLL-5Y8B-01/27/13
1301/Upper Lalaja/2B/102NCD90/DSC_0136.JPG,FUL-AV4W-02/02/13,FUL-7V4W-02/02/13,FUL-7V4W-02/02/13
1301/Caigual/21A/101NCD60/DSC_1203.JPG,MCA-IP6V-01/21/13,MCA-1P6V-01/21/13,MCA-1P6V-01/21/13
1301/Taylor/23A/100NCD60/DSC_1238.JPG,MTYX-2440-01/23/13,MTYX-2Y4O-01/23/13,MTY-2Y4O-01/23/13
1301/Lower Lalaja/28A/100NCD60/DSC_1780.JPG,MLL-@-LYSY-01/28/13,MLL-LY5Y-01/28/13,MLL-1Y5Y-01/28/13
1301/Caigual/21B/100NCD90/DSC_0019.JPG,FCA-4-1280-01/21/13,FCA-4I2F0-01/21/13,FCA-4R8V-01/21/13
1301/Lower Lalaja/28A/100NCD60/DSC_1771.JPG,MLL-5B8W-01/28/13,MLL-5B8W-01/28/13,MLL-5B8W-01/28/13
1301/Taylor/23B/100NCD90/DSC_0087.JPG,FTY-(-K5G-01/23/13,FTY-1K5G-01/23/13,FTY-1K5G-01/23/13
1301/Taylor/23A/100NCD60/DSC_1271.JPG,MTY-254K-01/23/13,MTY-2S4K-01/23/13,MTY-2S4R-01/23/13
1301/Taylor/24A/100NCD90/DSC_0002.JPG,FTY-446K-01/24/13,FTY-4Y6K-01/24/13,FTY-4Y6K-01/24/13
1301/Upper Lalaja/4B/100NCD60/DSC_2019.JPG,MUL-IVSR-002/04/13,MUL-1V5R-002/04/13,MUL-1V5R-002/04/13
1301/Lower Lalaja/28A/101NCD60/DSC_1747.JPG,FLL-108B-01/28/13,FLL-1O8B-01/28/13,FLL-1O8B-01/28/13
1301/Upper Lalaja/4B/100NCD60/DSC_2099.JPG,FUL-2K7B-002/04/13,FUL-2K7B-002/04/13,FUL-2K7B-002/04/13
1301/Taylor/24A/100NCD90/DSC_0006.JPG,FTY-I-WSB-01/24/13,FTY-1W5B-01/24/13,FTY-1W5B-01/24/13
1301/Upper Lalaja/4A/100NCD90/DSC_0043.JPG,FUL-3K6N-002/04/13,FUL-3K6N-002/04/13,FUL-3K6N-002/04/13
1301/Lower Lalaja/27A/100NCD60/DSC_1551.JPG,FLL-4F8N-01/27/13,FLL-4F8N-01/27/13,FLL-4F8N-01/27/13
1301/Caigual/21A/101NCD60/DSC_1063.JPG,FCA-ZPGR-01/21/13,FCA-2P6R-01/21/13,FCA-2P6R-01/21/13
1301/Upper Lalaja/2B/102NCD90/DSC_0137.JPG,FUL-408√-02/02/13,FUL-4O8-02/02/13,FUL-4O8V-02/02/13
1301/Lower Lalaja/27A/100NCD60/DSC_1546.JPG,FLL-2RSR-01/27/13,FLL-2R5R-01/27/13,FLL-2R5R-01/27/13
1301/Lower Lalaja/28B/100NCD90/DSC_0070.JPG,FLL-SKAV-01/28/13,FLL-5K7V-01/28/13,FLL-5R7V-01/28/13
1301/Lower Lalaja/28A/101NCD60/DSC_1712.JPG,FLL-|-K3W-01/28/13,FLL-KBW-01/28/13,FLL-1K3W-01/28/13
1301/Taylor/23B/100NCD90/DSC_0138.JPG,FTY-3R4V-01/23/13,FTY-3R4V-01/23/13,FTY-3R4V-01/23/13
1301/Upper Lalaja/4A/100NCD90/DSC_0084.JPG,FUL-2P5N-002/04/13,FUL-2P5N-002/04/13,FUL-2P5N-002/04/13
1301/Taylor/23A/100NCD60/DSC_1401.JPG,MTY-3K8B-01/23/13,MTY-3K8B-01/23/13,MTY-3K8B-01/23/13
1301/Lower Lalaja/28B/100NCD90/DSC_0050.JPG,FLL-1V8B-01/28/13,FLL-1V8B-01/28/13,FLL-1V8B-01/28/13
1301/Upper Lalaja/2B/102NCD90/DSC_0015.JPG,FUL-2W6V-02/02/13,FUL-2W6V-02/02/13,FUL-2W6V-02/02/13
1301/Upper Lalaja/4B/100NCD60/DSC_2031.JPG,MUL-IFU-+-47-002/04/13,MUL-1F4G47-002/04/13,MUL-1F4T-002/04/13
1301/Upper Lalaja/4A/100NCD90/DSC_0055.JPG,FUL-3Y6V-002/04/13,FUL-3Y6V-002/04/13,FUL-3Y6V-002/04/13
1301/Caigual/21B/100NCD90/DSC_0034.JPG,FCA-3WBG-01/21/13,FCA-3W3G-01/21/13,FCA-3W8G-01/21/13
1301/Taylor/23A/100NCD60/DSC_1388.JPG,MTY-508K-01/23/13,MTY-5O8K-01/23/13,MTY-5O8K-01/23/13
1301/Upper Lalaja/2B/102NCD90/DSC_0065.JPG,FUL-1W6K-02/02/13,FUL-1W6K-02/02/13,FUL-1W6K-02/02/13
1301/Upper Lalaja/4B/100NCD60/DSC_1982.JPG,MUL-4760-002/04/13,MUL-4Y6O-002/04/13,MUL-4Y6O-002/04/13
1301/Caigual/21B/100NCD90/DSC_0026.JPG,FCA-IW8P-01/21/13,FCA-1W8P-01/21/13,FCA-1W8P-01/21/13
1301/Taylor/23A/100NCD60/DSC_1321.JPG,MTY-3B5Y-01/23/13,MTY-3B5Y-01/23/13,MTY-3B5Y-01/23/13
1301/Upper Lalaja/4A/100NCD90/DSC_0021.JPG,FUL-5F66-002/04/13,FUL-5F6G-002/04/13,FUL-5F6G-002/04/13
1301/Lower Lalaja/27A/100NCD60/DSC_1556.JPG,FLL-2V6R-01/27/13,FLL-2V6R-01/27/13,FLL-2V6R-01/27/13
1301/Caigual/21A/101NCD60/DSC_1133.JPG,FCA-4K6P-01/21/13,FCA-4K6P-01/21/13,FCA-4K6P-01/21/13
1301/Taylor/24A/100NCD90/DSC_0041.JPG,FTY-305V-01/24/13,FTY-3O5V-01/24/13,FTY-3O5V-01/24/13
1301/Taylor/23B/100NCD90/DSC_0164.JPG,FTY-6W85-01/23/13,FTY-6W8S-01/23/13,FTY-6W8S-01/23/13
1301/Lower Lalaja/27A/100NCD60/DSC_1572.JPG,FLL-568R-01/27/13,FLL-5G8R-01/27/13,FLL-5G8R-01/27/13
1301/Upper Lalaja/4B/100NCD60/DSC_1983.JPG,MUL-153-K.-002/04/13,MUL-1S3K-002/04/13,MUL-1S3K-002/04/13
1301/Taylor/24B/100NCD60/DSC_1469.JPG,²R7K-71-01/24/13,1--01/24/13,FTY-1R7K-01/24/13
1301/Lower Lalaja/27B/100NCD90/DSC_0034.JPG,FLL-4W6K-01/27/13,FLL-4W6K-01/27/13,FLL-4W6K-01/27/13
1301/Lower Lalaja/28B/100NCD90/DSC_0138.JPG,FLL-278K-01/28/13,FLL-2Y8K-01/28/13,FLL-2Y8K-01/28/13
1301/Taylor/24A/100NCD90/DSC_0028.JPG,FTY-5B80-01/24/13,FTY-5B8O-01/24/13,FTY-5B8O-01/24/13
1301/Lower Lalaja/28B/100NCD90/DSC_0012.JPG,T-FLL-2V60-01/28/13,FLL-2V6O-01/28/13,FLL-2V6O-01/28/13
1301/Upper Lalaja/4A/100NCD90/DSC_0074.JPG,FUL-5060-002/04/13,FUL-5O6O-002/04/13,FUL-5O6O-002/04/13
1301/Upper Lalaja/4A/100NCD90/DSC_0079.JPG,FUL-7N8S-002/04/13,FUL-7N8S-002/04/13,FUL-7N8S-002/04/13
1301/Caigual/21A/101NCD60/DSC_1192.JPG,MCA-4-V6-V-01/21/13,MCA-4V6V-01/21/13,MCA-4V6V-01/21/13
1301/Taylor/23B/100NCD90/DSC_0014.JPG,FTY-4-BGR-01/23/13,FTY-4B6R-01/23/13,FTY-4B6R-01/23/13
1301/Taylor/24A/100NCD90/DSC_0027.JPG,FTY-1P20-01/24/13,FTY-1P2O-01/24/13,FTY-1P2O-01/24/13
1301/Taylor/23A/100NCD60/DSC_1240.JPG,MTY-F-2K3W-01/23/13,MTY-FSKBW-01/23/13,MTY-2K3W-01/23/13
1301/Lower Lalaja/28B/100NCD90/DSC_0084.JPG,FLL-6-G7-V-01/28/13,FLL-6G7V-01/28/13,FLL-6G7V-01/28/13
1301/Upper Lalaja/2B/102NCD90/DSC_0033.JPG,FUL-2P3N-02/02/13,FUL-2P3N-02/02/13,FUL-2P3N-02/02/13
1301/Caigual/21B/100NCD90/DSC_0057.JPG,FCA-4V7-P-01/21/13,FCA-4V7P-01/21/13,FCA-4V7P-01/21/13
1301/Upper Lalaja/2A/100NCD60/DSC_1861.JPG,MUL-2B70-02/02/13,MUL-2B7O-02/02/13,MUL-2B7O-02/02/13
1301/Taylor/23B/100NCD90/DSC_0178.JPG,FTY-3B7W-01/23/13,FTY-3B7W-01/23/13,FTY-3B7W-01/23/13
1301/Caigual/21B/100NCD90/DSC_0109.JPG,MCA-\-YGY-01/21/13,MCA-1Y6Y-01/21/13,MCA-1Y6Y-01/21/13
1301/Upper Lalaja/4B/100NCD60/DSC_1999.JPG,MUL-4N6B-.-002/04/13,MUL-4N6B-002/04/13,MUL-4N6B-002/04/13
1301/Caigual/21B/100NCD90/DSC_0055.JPG,FCA-IR-3V-01/21/13,FCA-1R3V-01/21/13,FCA-1R3V-01/21/13
1301/Lower Lalaja/27A/100NCD60/DSC_1602.JPG,MLL-5W8F-01/27/13,MLL-5W8F-01/27/13,MLL-5W8F-01/27/13
1301/Upper Lalaja/4B/100NCD60/DSC_2123.JPG,FUL-IN-3G-002/04/13,FUL-1N3G-002/04/13,FUL-1N3G-002/04/13
1301/Lower Lalaja/28A/101NCD60/DSC_1703.JPG,FLL-3W7K-01/28/13,FLL-3W7K-01/28/13,FLL-3W7K-01/28/13
1301/Upper Lalaja/4B/100NCD60/DSC_2112.JPG,FUL-3N5K-002/04/13,FUL-3N5K-002/04/13,FUL-3N5R-002/04/13
1301/Upper Lalaja/4A/100NCD90/DSC_0062.JPG,FUL-267V-002/04/13,FUL-2G7V-002/04/13,FUL-2G7V-002/04/13
1301/Caigual/21A/101NCD60/DSC_1219.JPG,MCA-✩-TRAV-01/21/13,MCA-1R7V-01/21/13,MCA-1R7V-01/21/13
1301/Taylor/23A/100NCD60/DSC_1437.JPG,MTY-6-P8W-01/23/13,MTY-6P8W-01/23/13,MTY-6P8W-01/23/13
1301/Taylor/23A/100NCD60/DSC_1290.JPG,MTY-4W5B-01/23/13,MTY-4W5B-01/23/13,MTY-4W5B-01/23/13
1301/Upper Lalaja/2B/102NCD90/DSC_0010.JPG,FUL-4USR-81-02/02/13,FUL-4V5R81-02/02/13,FUL-4V8R-02/02/13
1301/Upper Lalaja/2B/102NCD90/DSC_0141.JPG,FUL-2-KQ-K-02/02/13,FUL-2KQK-02/02/13,FUL-2K8K-02/02/13
1301/Upper Lalaja/4B/100NCD60/DSC_2065.JPG,FUL-1185-002/04/13,FUL-1I8S-002/04/13,FUL-1K8S-002/04/13
1301/Caigual/21A/101NCD60/DSC_1077.JPG,FCA-✩-TR3G-01/21/13,FCA-1R3G-01/21/13,FCA-1R3G-01/21/13
1301/Lower Lalaja/28A/100NCD60/DSC_1711.JPG,MLL-2P8K-01/28/13,MLL-2P8K-01/28/13,MLL-2P8K-01/28/13
1301/Upper Lalaja/2B/102NCD90/DSC_0114.JPG,FUL-1W7P-02/02/13,FUL-1W7P-02/02/13,FUL-1W7P-02/02/13
1301/Upper Lalaja/4A/100NCD90/DSC_0018.JPG,FUL-567B-002/04/13,FUL-5G7B-002/04/13,FUL-5G7B-002/04/13
1301/Lower Lalaja/27A/100NCD60/DSC_1615.JPG,MLL-IN2F-01/27/13,MLL-1N2F-01/27/13,MLL-1N2F-01/27/13
1301/Lower Lalaja/27B/100NCD90/DSC_0047.JPG,FLL-548R-01/27/13,FLL-5Y8R-01/27/13,FLL-2Y8R-01/27/13
1301/Upper Lalaja/2A/100NCD60/DSC_1826.JPG,18-MUL-ZNOW-02/02/13,MUL-2NOW-02/02/13,MUL-2N8W-02/02/13
1301/Upper Lalaja/2A/100NCD60/DSC_1838.JPG,MUL-ZPYY-02/02/13,MUL-2P7Y-02/02/13,MUL-2P4Y-02/02/13
1301/Lower Lalaja/28B/100NCD90/DSC_0063.JPG,FLL-40SB-01/28/13,FLL-4O5B-01/28/13,FLL-4O5B-01/28/13
1301/Caigual/21A/101NCD60/DSC_1227.JPG,MCA-3B7B-01/21/13,MCA-3B7B-01/21/13,MCA-3B7B-01/21/13
1301/Caigual/21A/101NCD60/DSC_1140.JPG,FCA-5Y7Y-01/21/13,FCA-5Y7Y-01/21/13,FCA-5Y7Y-01/21/13
1301/Caigual/21A/101NCD60/DSC_1102.JPG,FCA-144B-01/21/13,FCA-1Y4B-01/21/13,FCA-1Y4B-01/21/13
1301/Upper Lalaja/4B/100NCD60/DSC_1963.JPG,E-MUL-153P-002/04/13,MUL-1S3P-002/04/13,MUL-1S3P-002/04/13
1301/Upper Lalaja/2B/102NCD90/DSC_0007.JPG,FUL-IW3P-02/02/13,FUL-1W3P-02/02/13,FUL-1W3P-02/02/13
1301/Caigual/21A/101NCD60/DSC_1091.JPG,FCA-3√40-01/21/13,FCA-3Y0-01/21/13,FCA-3V4V-01/21/13
1301/Upper Lalaja/4B/100NCD60/DSC_2082.JPG,FUL-6-YB-B-8-002/04/13,FUL-6Y3B8-002/04/13,FUL-6Y8B-002/04/13
1301/Caigual/21B/100NCD90/DSC_0070.JPG,FCA-1B4W-01/21/13,FCA-1B4W-01/21/13,FCA-1B4W-01/21/13
1301/Upper Lalaja/4B/100NCD60/DSC_2035.JPG,B-MUL-6F8Y-002/04/13-||,MUL-6F8Y-002/04/13,MUL-6F8Y-002/04/13
1301/Taylor/23B/100NCD90/DSC_0023.JPG,MTY-GW8P-01/23/13,MTY-6W8P-01/23/13,MTY-6W8P-01/23/13
1301/Upper Lalaja/4B/100NCD60/DSC_2108.JPG,FUL-1670-002/04/13,FUL-1G7O-002/04/13,FUL-1G7O-002/04/13
1301/Upper Lalaja/4B/100NCD60/DSC_2087.JPG,FUL-QR5N-002/04/13,FUL-QR5N-002/04/13,FUL-2R5N-002/04/13
1301/Taylor/23A/100NCD60/DSC_1442.JPG,MTY-ZW3W-01/23/13-100,MTY-2W3W-01/23/13,MTY-2W3W-01/23/13
1301/Lower Lalaja/28A/101NCD60/DSC_1711.JPG,FLL-5B8R-01/28/13,FLL-5B8R-01/28/13,FLL-5B8R-01/28/13
1301/Taylor/23B/100NCD90/DSC_0181.JPG,FTY-16-41-01/23/13,FTY-1G4I-01/23/13,FTY-1G4Y-01/23/13
1301/Caigual/21A/101NCD60/DSC_1081.JPG,FCA-4W70-01/21/13,FCA-4W7O-01/21/13,FCA-4W7O-01/21/13
1301/Taylor/23A/100NCD60/DSC_1373.JPG,F-MTY-POR-01/23/13-2,F-MT7POR-01/23/13,MTY-1P5W-01/23/13
1301/Lower Lalaja/28B/100NCD90/DSC_0051.JPG,FLL-3R6V-01/28/13,FLL-3R6V-01/28/13,FLL-3R6V-01/28/13
1301/Caigual/21B/100NCD90/DSC_0037.JPG,FCA-4R8R-01/21/13,FCA-4R8R-01/21/13,FCA-4R8R-01/21/13
1301/Upper Lalaja/4A/100NCD90/DSC_0066.JPG,FUL-364B-002/04/13,FUL-3G4B-002/04/13,FUL-3W4B-002/04/13
1301/Taylor/23B/100NCD90/DSC_0036.JPG,FTY-IVZY-01/23/13,FTY-1V2Y-01/23/13,FTY-1V7Y-01/23/13
1301/Taylor/23B/100NCD90/DSC_0179.JPG,FTY-2B4B-01/23/13,FTY-2B4B-01/23/13,FTY-2B4B-01/23/13
1301/Taylor/24B/100NCD60/DSC_1493.JPG,FTY-7980-01/24/13,FTY-798O-01/24/13,FTY-7Y8O-01/24/13
1301/Upper Lalaja/4B/100NCD60/DSC_1987.JPG,MUL-4N8W-002/04/13,MUL-4N8W-002/04/13,MUL-4N8W-002/04/13
1301/Caigual/21B/100NCD90/DSC_0036.JPG,FCA-508W-01/21/13,FCA-5O8W-01/21/13,FCA-5O8W-01/21/13
1301/Lower Lalaja/27A/100NCD60/DSC_1621.JPG,MLL-IW5R-01/27/13,MLL-1W5R-01/27/13,MLL-1W5R-01/27/13
1301/Upper Lalaja/2B/102NCD90/DSC_0022.JPG,FUL-164P-02/02/13,FUL-1G4P-02/02/13,FUL-1G4P-02/02/13
1301/Lower Lalaja/27B/100NCD90/DSC_0096.JPG,FLL-5P8B-01/27/13,FLL-5P8B-01/27/13,FLL-5P8B-01/27/13
1301/Caigual/21A/101NCD60/DSC_1200.JPG,MCA-IGZN-01/21/13,MCA-1G2N-01/21/13,MCA-1G7W-01/21/13
1301/Upper Lalaja/4A/100NCD90/DSC_0006.JPG,FUL-284V-002/04/13,FUL-2F4V-002/04/13,FUL-2B4V-002/04/13
1301/Taylor/23A/100NCD60/DSC_1288.JPG,MTY-3-W4V-01/23/13,MTY-3W4V-01/23/13,MTY-3W4V-01/23/13
1301/Lower Lalaja/27A/100NCD60/DSC_1673.JPG,MLL-3W70-01/27/13,MLL-3W7O-01/27/13,MLL-3W7O-01/27/13
1301/Caigual/21A/101NCD60/DSC_1215.JPG,MCA-6171-01/21/13,MCA-6I7I-01/21/13,MCA-6Y7Y-01/21/13
1301/Taylor/23A/100NCD60/DSC_1408.JPG,MTY-4575-01/23/13,MTY-4S7S-01/23/13,MTY-4S7S-01/23/13
1301/Taylor/23B/100NCD90/DSC_0033.JPG,FTY-2-W-8-R-N-01/23/13,FTY-2W8RN-01/23/13,FTY-2W8R-01/23/13
1301/Upper Lalaja/4A/100NCD90/DSC_0067.JPG,FUL-6086-002/04/13,FUL-6O8G-002/04/13,FUL-6O8G-002/04/13
1301/Lower Lalaja/28A/101NCD60/DSC_1751.JPG,9-FLL-4FGR-01/28/13,FLL-4F6R-01/28/13,FLL-4F6R-01/28/13
1301/Lower Lalaja/28B/100NCD90/DSC_0126.JPG,FLL-IWZV-01/28/13,FLL-1W2V-01/28/13,FLL-1W2V-01/28/13
1301/Lower Lalaja/28B/100NCD90/DSC_0074.JPG,FLL-5G6R-01/28/13,FLL-5G6R-01/28/13,FLL-5G6R-01/28/13
1301/Lower Lalaja/27A/100NCD60/DSC_1685.JPG,MLL-2R7V-01/27/13,MLL-2R7V-01/27/13,MLL-2R7V-01/27/13
1301/Lower Lalaja/28A/101NCD60/DSC_1718.JPG,FLL-206G-01/28/13,FLL-2O6G-01/28/13,FLL-2O6G-01/28/13
1301/Taylor/23B/100NCD90/DSC_0118.JPG,MTY-5W6K-01/23/13,MTY-5W6K-01/23/13,MTY-5W6K-01/23/13
1301/Caigual/21A/101NCD60/DSC_1174.JPG,MCA-3W5W-01/21/13,MCA-3W5W-01/21/13,MCA-3W5W-01/21/13
1301/Upper Lalaja/2A/100NCD60/DSC_1802.JPG,MULA-2G7K-02/02/13,MULA-2G7K-02/02/13,MUL-2G7K-02/02/13
1301/Lower Lalaja/28B/100NCD90/DSC_0119.JPG,FLL-208-F-01/28/13,FLL-2O8F-01/28/13,FLL2O8F-01/28/13
1301/Taylor/24B/100NCD60/DSC_1522.JPG,FTY-256B-01/24/13,FTY-2S6B-01/24/13,FTY-2S6B-01/24/13
1301/Taylor/23A/100NCD60/DSC_1248.JPG,MTY-4W6W-01/23/13,MTY-4W6W-01/23/13,MTY-4W6W-01/23/13
1301/Caigual/21A/101NCD60/DSC_1158.JPG,FCA-4K6G-01/21/13,FCA-4K6G-01/21/13,FCA-4K6G-01/21/13
1301/Taylor/23B/100NCD90/DSC_0101.JPG,FTY-*-1K-70-01/23/13,FTY-1K7O-01/23/13,FTY-1K7O-01/23/13
1301/Lower Lalaja/28B/100NCD90/DSC_0073.JPG,FLL-365F-01/28/13,FLL-3G5F-01/28/13,FLL-3G5F-01/28/13
1301/Lower Lalaja/27B/100NCD90/DSC_0010.JPG,FLL-4R8P-01/27/13,FLL-4R8P-01/27/13,FLL-4R8P-01/27/13
1301/Upper Lalaja/4B/100NCD60/DSC_1988.JPG,8-MUL-718-)-002/04/13,MUL-7I8-002/04/13,MUL-7R8N-002/04/13
1301/Caigual/21B/100NCD90/DSC_0031.JPG,FCAX-4V6R-01/21/13,FCAX-4V6R-01/21/13,FCA-4V6R-01/21/13
1301/Taylor/24B/100NCD60/DSC_1500.JPG,FTY-IB70-01/24/13,FTY-1B7O-01/24/13,FTY-1B7O-01/24/13
1301/Upper Lalaja/2A/100NCD60/DSC_1823.JPG,Q-MUL-7185-02/02/13,MUL-7I8S-02/02/13,MUL-7K8S-02/02/13
1301/Upper Lalaja/2A/100NCD60/DSC_1839.JPG,MUL-ZVZR-02/02/13,MUL-2V2R-02/02/13,MUL-2V7R-02/02/13
1301/Lower Lalaja/27A/100NCD60/DSC_1612.JPG,MLL-ZY51-01/27/13,MLL-2Y5I-01/27/13,MLL-2Y5K-01/27/13
1301/Lower Lalaja/28B/100NCD90/DSC_0064.JPG,MLL-4Y6G-01/28/13,MLL-4Y6G-01/28/13,MLL-4Y6G-01/28/13
1301/Lower Lalaja/28B/100NCD90/DSC_0136.JPG,$-FLL-3VSP-01/28/13,FLL-3V5P-01/28/13,FLL-3V5P-01/28/13
1301/Upper Lalaja/2B/102NCD90/DSC_0003.JPG,FUL-IPG-K-02/02/13,FUL-1P6K-02/02/13,FUL-1P6K-02/02/13
1301/Lower Lalaja/28A/100NCD60/DSC_1786.JPG,MLL-2VGF-.-01/28/13,MLL-2V6F-01/28/13,MLL-2V6F-01/28/13
1301/Lower Lalaja/27B/100NCD90/DSC_0066.JPG,FLL-IR3-F-01/27/13,FLL-1R3F-01/27/13,FLL-1R3F-01/27/13
1301/Upper Lalaja/2B/102NCD90/DSC_0135.JPG,FUL-3051-02/02/13,FUL-3O5I-02/02/13,FUL-3G5Y-02/02/13
1301/Upper Lalaja/2A/100NCD60/DSC_1933.JPG,FUL-2B5W-02/02/13,FUL-2B5W-02/02/13,FUL-2B5W-02/02/13
1301/Lower Lalaja/28A/100NCD60/DSC_1818.JPG,MLL-TYGE-01/28/13,MLL-1Y6F-01/28/13,MLL-1Y6F-01/28/13
1301/Taylor/23B/100NCD90/DSC_0168.JPG,FTY-4K7P-01/23/13,FTY-4K7P-01/23/13,FTY-4K7P-01/23/13
1301/Upper Lalaja/4B/100NCD60/DSC_2053.JPG,MUL-3R6G-002/04/13,MUL-3R6G-002/04/13,MUL-3R6G-002/04/13
1301/Upper Lalaja/2A/100NCD60/DSC_1815.JPG,MUL-5Y6F-02/02/13,MUL-5Y6F-02/02/13,MUL-5Y6F-02/02/13
1301/Upper Lalaja/2B/102NCD90/DSC_0108.JPG,FUL-266V-02/02/13,FUL-2G6V-02/02/13,FUL-2G6V-02/02/13
1301/Taylor/23A/100NCD60/DSC_1376.JPG,8-MTY-4G5V-01/23/13,MTY-4G5V-01/23/13,MTY-4G5V-01/23/13
1301/Lower Lalaja/27B/100NCD90/DSC_0001.JPG,FLL-647B-01/27/13,FLL-6Y7B-01/27/13,FLL-6Y7B-01/27/13
1301/Taylor/23B/100NCD90/DSC_0141.JPG,FTY-IRAG-01/23/13,FTY-1R7G-01/23/13,FTY-1R7G-01/23/13
1301/Lower Lalaja/27B/100NCD90/DSC_0065.JPG,FLL-IBZV-01/27/13,FLL-1B2V-01/27/13,FLL-1B2V-01/27/13
1301/Taylor/23B/100NCD90/DSC_0145.JPG,FTY-5P8G-01/23/13,FTY-5P8G-01/23/13,FTY-5P8G-01/23/13
1301/Upper Lalaja/4A/100NCD90/DSC_0036.JPG,FUL-2K4B-002/04/13,FUL-2K4B-002/04/13,FUL-2K4B-002/04/13
1301/Upper Lalaja/2B/102NCD90/DSC_0029.JPG,FUL-1W8K-02/02/13,FUL-1W8K-02/02/13,FUL-1W8K-02/02/13
1301/Taylor/24B/100NCD60/DSC_1527.JPG,FTY-5ROK-01/24/13,FTY-5ROK-01/24/13,FTY-5R8K-01/24/13
1301/Upper Lalaja/4B/100NCD60/DSC_2012.JPG,MUL-2Y3F-002/04/13,MUL-2Y3F-002/04/13,MUL-2Y3F-002/04/13
1301/Upper Lalaja/4B/100NCD60/DSC_2120.JPG,FUL-IW5G-002/04/13,FUL-1W5G-002/04/13,FUL-1W5G-002/04/13
1301/Lower Lalaja/28B/100NCD90/DSC_0042.JPG,FLL-538K-01/28/13,FLL-5B8K-01/28/13,FLL-5B8K-01/28/13
1301/Upper Lalaja/4A/100NCD90/DSC_0070.JPG,FUL-4-ESB-002/04/13,FUL-4F5B-002/04/13,FUL-4F5B-002/04/13
1301/Lower Lalaja/28A/101NCD60/DSC_1704.JPG,FLL-4K5W-01/28/13,FLL-4K5W-01/28/13,FLL-4K5W-01/28/13
1301/Lower Lalaja/28A/100NCD60/DSC_1699.JPG,MLL-285R-01/28/13,MLL-2F5R-01/28/13,MLL-2R5R-01/28/13
1301/Lower Lalaja/28B/100NCD90/DSC_0052.JPG,FLL-4P8V-01/28/13,FLL-4P8V-01/28/13,FLL-4P8V-01/28/13
1301/Lower Lalaja/27B/100NCD90/DSC_0097.JPG,FLL-TKEF-01/27/13,FLL-1K8F-01/27/13,FLL-1K8F-01/27/13
1301/Lower Lalaja/27A/100NCD60/DSC_1639.JPG,MLL-ZR6K-01/27/13,MLL-2R6K-01/27/13,MLL-2R6K-01/27/13
1301/Upper Lalaja/4B/100NCD60/DSC_2055.JPG,MUL-3480-002/04/13,MUL-3Y8O-002/04/13,MUL-3Y8O-002/04/13
1301/Taylor/23B/100NCD90/DSC_0182.JPG,FTY-4W6V-01/23/13,FTY-4W6V-01/23/13,FTY-4W6V-01/23/13
1301/Upper Lalaja/2B/102NCD90/DSC_0043.JPG,FUL-4VS6-02/02/13,FUL-4V5G-02/02/13,FUL-4V5F-02/02/13
1301/Taylor/24A/100NCD90/DSC_0004.JPG,FTY-2V86-01/24/13,FTY-2V8G-01/24/13,FTY-2V8G-01/24/13
1301/Upper Lalaja/4B/100NCD60/DSC_2061.JPG,DE-FUL-7-POP-002/04/13,FUL-7POP-002/04/13,FUL-7P8P-002/04/13
1301/Upper Lalaja/4A/100NCD90/DSC_0051.JPG,FUL-3W8W-002/04/13,FUL-3W8W-002/04/13,FUL-3W8W-002/04/13
1301/Upper Lalaja/4A/100NCD90/DSC_0031.JPG,MUL-1P8-B-002/04/13,MUL-1P8B-002/04/13,MUL-1P8B-002/04/13
1301/Lower Lalaja/28A/100NCD60/DSC_1727.JPG,MLL-2-FGV-6-01/28/13,MLL-2F6V6-01/28/13,MLL-2F6V-01/28/13
1301/Lower Lalaja/28B/100NCD90/DSC_0056.JPG,FLL-3R7G-01/28/13,FLL-3R7G-01/28/13,FLL-3R7G-01/28/13
1301/Upper Lalaja/4B/100NCD60/DSC_2102.JPG,FUL-4680-002/04/13,FUL-4G8O-002/04/13,FUL-4G8O-002/04/13
1301/Taylor/23B/100NCD90/DSC_0079.JPG,FTY-2V6K-01/23/13,FTY-2V6K-01/23/13,FTY-2V6K-01/23/13
1301/Taylor/23B/100NCD90/DSC_0120.JPG,FTY-1W2B-01/23/13,FTY-1W2B-01/23/13,FTY-1W2B-01/23/13
1301/Upper Lalaja/4A/100NCD90/DSC_0014.JPG,FUL-1586-002/04/13,FUL-1S8G-002/04/13,FUL-1S8F-002/04/13
1301/Lower Lalaja/28B/100NCD90/DSC_0045.JPG,FLL-5660-01/28/13,FLL-5G6O-01/28/13,FLL-5F6V-01/28/13
1301/Taylor/23B/100NCD90/DSC_0093.JPG,MTY-465W-01/23/13,MTY-4G5W-01/23/13,MTY-4G5W-01/23/13
1301/Taylor/24B/100NCD60/DSC_1506.JPG,FTY-6670-01/24/13,FTY-6G7O-01/24/13,FTY-6G7O-01/24/13
1301/Caigual/21A/101NCD60/DSC_1078.JPG,FCA-IR4R-01/21/13,FCA-1R4R-01/21/13,FCA-1R4R-01/21/13
1301/Lower Lalaja/28B/100NCD90/DSC_0134.JPG,FLL-6680-01/28/13,FLL-6G8O-01/28/13,FLL-6W8O-01/28/13
1301/Lower Lalaja/27B/100NCD90/DSC_0045.JPG,FLL-4PG-P-01/27/13,FLL-4P6P-01/27/13,FLL-4P6P-01/27/13
1301/Caigual/21A/101NCD60/DSC_1223.JPG,MCA-D-4-KG-R-01/21/13,MCA-DYKGR-01/21/13,MCA-4K6R-01/21/13
1301/Upper Lalaja/2B/102NCD90/DSC_0098.JPG,FUL-406R-02/02/13,FUL-4O6R-02/02/13,FUL-4O6R-02/02/13
1301/Upper Lalaja/2A/100NCD60/DSC_1778.JPG,MUL-IR3S-02/02/13,MUL-1R3S-02/02/13,MUL-1R3S-02/02/13
1301/Taylor/23A/100NCD60/DSC_1338.JPG,MTY-2Y8V-01/23/13,MTY-2Y8V-01/23/13,MTY-2Y8V-01/23/13
1301/Lower Lalaja/27B/100NCD90/DSC_0016.JPG,FLL-3P5W-01/27/13,FLL-3P5W-01/27/13,FLL-3P5W-01/27/13
1301/Taylor/24A/100NCD90/DSC_0003.JPG,FTY-VER-01/24/13,FTY-VFR-01/24/13,FTY-7V8R-01/24/13
1301/Upper Lalaja/4B/100NCD60/DSC_2048.JPG,MUL-1G2F-002/04/13,MUL-1G2F-002/04/13,MUL-1G2F-002/04/13
1301/Lower Lalaja/28A/100NCD60/DSC_1752.JPG,MLL-3070-01/28/13,MLL-3O7O-01/28/13,MLL-3O7O-01/28/13
1301/Lower Lalaja/28A/101NCD60/DSC_1723.JPG,FLLO-5476-01/28/13,FLLO-5Y7G-01/28/13,FLL-5Y7G-01/28/13
1301/Upper Lalaja/2A/100NCD60/DSC_1814.JPG,MUL-ZRIEP-02/02/13,MUL-2R1FP-02/02/13,MUL-2R6P-02/02/13
1301/Caigual/21A/101NCD60/DSC_1210.JPG,MCA-ING-01/21/13,MCA-1N6-01/21/13,MCA-1V6Y-01/21/13
1301/Lower Lalaja/28A/101NCD60/DSC_1687.JPG,MLL-YRER-01/28/13,MLL-7R8R-01/28/13,MLL-4R6R-01/28/13
1301/Taylor/23B/100NCD90/DSC_0060.JPG,FTY-3G-4W-01/23/13,FTY-3G4W-01/23/13,FTY-3G4W-01/23/13
1301/Lower Lalaja/28A/101NCD60/DSC_1748.JPG,MLL-2146B-01/28/13,MLL-2I4G3-01/28/13,MLL-2K6B-01/28/13
1301/Taylor/23A/100NCD60/DSC_1403.JPG,MTY-3W4B-01/23/13,MTY-3W4B-01/23/13,MTY-3W4B-01/23/13
1301/Upper Lalaja/4B/100NCD60/DSC_2106.JPG,FUL-3075-002/04/13,FUL-3O7S-002/04/13,FUL-3O7S-002/04/13
1301/Caigual/21A/101NCD60/DSC_1122.JPG,B-FCA-4V7-01/21/13,FCA-4V7-01/21/13,FCA-4V7Y-01/21/13
1301/Lower Lalaja/27A/100NCD60/DSC_1548.JPG,FLL-1W60-01/27/13,FLL-1W6O-01/27/13,FLL-1W6O-01/27/13
1301/Caigual/21A/101NCD60/DSC_1196.JPG,MCA-4WBV-01/21/13,MCA-4W3V-01/21/13,MCA-4W6V-01/21/13
1301/Upper Lalaja/4B/100NCD60/DSC_2079.JPG,D-FUL-5-F80-002/04/13,FUL-5F8O-002/04/13,FUL-5F8O-002/04/13
1301/Lower Lalaja/28B/100NCD90/DSC_0023.JPG,FLL-ABSV-01/28/13,FLL-7B5V-01/28/13,FLL-4B5V-01/28/13
1301/Lower Lalaja/28A/101NCD60/DSC_1730.JPG,FLL-3B6G-01/28/13,FLL-3B6G-01/28/13,FLL-3B-6G-01/28/13
1301/Upper Lalaja/4A/100NCD90/DSC_0061.JPG,FUL-SG7R-002/04/13,FUL-5G7R-002/04/13,FUL-5G7R-002/04/13
1301/Taylor/24A/100NCD90/DSC_0009.JPG,FTY-10UR-01/24/13,FTY-1O4R-01/24/13,FTY-1O4R-01/24/13
1301/Caigual/21A/101NCD60/DSC_1211.JPG,MCA-10712-01/21/13,MCA-1O7I2-01/21/13,MCA-1O7B-01/21/13
1301/Upper Lalaja/2A/100NCD60/DSC_1943.JPG,FUL-IBGS-02/02/13,FUL-1B6S-02/02/13,FUL-1B6S-02/02/13
1301/Taylor/23B/100NCD90/DSC_0198.JPG,FTY-1025-01/23/13,FTY-1O2S-01/23/13,FTY-1O2S-01/23/13
1301/Caigual/21A/101NCD60/DSC_1053.JPG,FCA-366W-01/21/13,FCA-3G6W-01/21/13,FCA-3G6W-01/21/13
1301/Lower Lalaja/27A/100NCD60/DSC_1547.JPG,FLL-2B5F-01/27/13,FLL-2B5F-01/27/13,FLL-2B5F-01/27/13
1301/Taylor/23B/100NCD90/DSC_0108.JPG,FTY-IG₂K-01/23/13,FTY-1GK-01/23/13,FTY-1G2K-01/23/13
1301/Taylor/23B/100NCD90/DSC_0180.JPG,FTY-3Y8R-01/23/13,FTY-3Y8R-01/23/13,FTY-3Y8R-01/23/13
1301/Taylor/23A/100NCD60/DSC_1264.JPG,MTY-3K5K-01/23/13,MTY-3K5K-01/23/13,MTY-3K5K-01/23/13
1301/Taylor/24B/100NCD60/DSC_1509.JPG,FTY-3-RSV-01/24/13,FTY-3R5V-01/24/13,-3R5V-01/24/13
1301/Lower Lalaja/27B/100NCD90/DSC_0007.JPG,FLL-2R-8V-01/27/13,FLL-2R8V-01/27/13,FLL-2R8V-01/27/13
1301/Upper Lalaja/2A/100NCD60/DSC_1794.JPG,MUL-4F5P-02/02/13,MUL-4F5P-02/02/13,MUL-4F5P-02/02/13
1301/Caigual/21B/100NCD90/DSC_0098.JPG,MCA-1676-01/21/13,MCA-1G7G-01/21/13,MCA-1G7G-01/21/13
1301/Lower Lalaja/28A/101NCD60/DSC_1757.JPG,FLL-3G8W-01/28/13,FLL-3G8W-01/28/13,FLL-3G8W-01/28/13
1301/Upper Lalaja/2B/102NCD90/DSC_0045.JPG,FUL-IWZP-02/02/13,FUL-1W2P-02/02/13,FUL-1W2P-02/02/13
1301/Upper Lalaja/2B/102NCD90/DSC_0084.JPG,FUL-366G-02/02/13,FUL-3G6G-02/02/13,FUL-3G6G-02/02/13
1301/Upper Lalaja/4B/100NCD60/DSC_2036.JPG,,1,ERROR
1301/Taylor/23B/100NCD90/DSC_0024.JPG,FTY-*-1360-01/23/13,FTY-1B6O-01/23/13,FTY-1B6O-01/23/13
1301/Lower Lalaja/28B/100NCD90/DSC_0110.JPG,FLL-3080-01/28/13,FLL-3O8O-01/28/13,FLL-3P8O-01/28/13
1301/Upper Lalaja/2A/100NCD60/DSC_1831.JPG,MUL-3N4F-02/02/13,MUL-3N4F-02/02/13,MUL-3N4F-02/02/13
1301/Taylor/23B/100NCD90/DSC_0106.JPG,FTY-IW2G-01/23/13,FTY-1W2G-01/23/13,FTY-1W2G-01/23/13
1301/Upper Lalaja/2A/100NCD60/DSC_1923.JPG,FUL-2B4N-02/02/13,FUL-2B4N-02/02/13,FUL-2B4N-02/02/13
1301/Upper Lalaja/4B/100NCD60/DSC_2025.JPG,MUL-(-125-002/04/13,MUL-1I2S-002/04/13,MUL-1K2S-002/04/13
1301/Upper Lalaja/4B/100NCD60/DSC_1966.JPG,MUL-IR5P-002/04/13,MUL-1R5P-002/04/13,MUL-1R5P-002/04/13
1301/Taylor/23B/100NCD90/DSC_0189.JPG,FTY-6586-01/23/13,FTY-6S8G-01/23/13,FTY-6S8W-01/23/13
1301/Taylor/23A/100NCD60/DSC_1356.JPG,MTY-4P6G-01/23/13,MTY-4P6G-01/23/13,MTY-4P6G-01/23/13
1301/Caigual/21B/100NCD90/DSC_0107.JPG,MCA-4Y6R-01/21/13,MCA-4Y6R-01/21/13,MCA-4Y6R-01/21/13
1301/Caigual/21B/100NCD90/DSC_0048.JPG,FCA-ZB-2B6-/-01/21/13,FCA-2B2B6-1,FCA-2B8Y-01/21/13
1301/Taylor/23B/100NCD90/DSC_0193.JPG,FTY-457-B-01/23/13,FTY-4S7B-01/23/13,FTY-4S7B-01/23/13
1301/Taylor/23A/100NCD60/DSC_1378.JPG,MTY-4-B5-K-01/23/13,MTY-4B5K-01/23/13,MTY-4B5K-01/23/13
1301/Lower Lalaja/28A/100NCD60/DSC_1688.JPG,MLL-4080-01/28/13,MLL-4O8O-01/28/13,MLL-4O8W-01/28/13
1301/Caigual/21B/100NCD90/DSC_0073.JPG,FCA-IB4R-01/21/13,FCA-1B4R-01/21/13,FCA-1B4R-01/21/13
1301/Upper Lalaja/2A/100NCD60/DSC_1854.JPG,MUL-3V7P-02/02/13,MUL-3V7P-02/02/13,MUL-3V7P-02/02/13
1301/Upper Lalaja/2B/102NCD90/DSC_0031.JPG,FUL-IM3G-02/02/13,FUL-1M3G-02/02/13,FUL-1V3G-02/02/13
1301/Caigual/21B/100NCD90/DSC_0084.JPG,MCA-4V-7P-01/21/13,MCA-4V7P-01/21/13,MCA-4V7P-01/21/13
1301/Upper Lalaja/2A/100NCD60/DSC_1902.JPG,FUL-3F7G-02/02/13,FUL-3F7G-02/02/13,FUL-3F7G-02/02/13
1301/Lower Lalaja/27B/100NCD90/DSC_0030.JPG,FLL-IRSK-01/27/13,FLL-1R5K-01/27/13,FLL-1R8K-01/27/13
1301/Caigual/21A/101NCD60/DSC_1206.JPG,MCA-106W-01/21/13,MCA-1O6W-01/21/13,MCA-1O6W-01/21/13
1301/Caigual/21B/100NCD90/DSC_0103.JPG,MCA-SVAR-01/21/13,MCA-5V7R-01/21/13,MCA-5V7R-01/21/13
1301/Upper Lalaja/2B/102NCD90/DSC_0125.JPG,FUL-3B4W-02/02/13,FUL-3B4W-02/02/13,FUL-3B4W-02/02/13
1301/Caigual/21A/101NCD60/DSC_1071.JPG,FCA-1646-01/21/13,FCA-1G4G-01/21/13,FCA-1G4G-01/21/13
1301/Upper Lalaja/4A/100NCD90/DSC_0092.JPG,FULA-1-KEW-002/04/13,FULA-1K8W-002/04/13,FUL-1K8W-002/04/13
1301/Taylor/24B/100NCD60/DSC_1505.JPG,FTY-7Y8P-01/24/13,FTY-7Y8P-01/24/13,FTY-7Y8P-01/24/13
1301/Upper Lalaja/2A/100NCD60/DSC_1799.JPG,MUL-2684-02/02/13,MUL-2G8Y-02/02/13,MUL-2G8Y-02/02/13
1301/Upper Lalaja/4A/100NCD90/DSC_0047.JPG,FUL-IKZE-002/04/13,FUL-1K2F-002/04/13,FUL-1K7F-002/04/13
1301/Taylor/23B/100NCD90/DSC_0131.JPG,FTY-4K6P-01/23/13,FTY-4K6P-01/23/13,FTY-4K6P-01/23/13
1301/Lower Lalaja/28B/100NCD90/DSC_0099.JPG,FLLX-2R8Y-01/28/13,FLLX-2R8Y-01/28/13,FLL-2R8Y-01/28/13
1301/Upper Lalaja/2A/100NCD60/DSC_1868.JPG,MUL-2N7K-02/02/13,MUL-2N7K-02/02/13,MUL-2N7R-02/02/13
1301/Lower Lalaja/28B/100NCD90/DSC_0142.JPG,FLL-TV3W-01/28/13,FLL-1V3W-01/28/13,FLL-1V3W-01/28/13
1301/Caigual/21A/101NCD60/DSC_1188.JPG,MCA-4180-01/21/13,MCA-4I8O-01/21/13,MCA-4V8O-01/21/13
1301/Lower Lalaja/28B/100NCD90/DSC_0059.JPG,FLL-S67V-01/28/13,FLL-5G7V-01/28/13,FLL-5G7V-01/28/13
1301/Upper Lalaja/2B/102NCD90/DSC_0026.JPG,FUL-4V-7P-02/02/13,FUL-4V7P-02/02/13,FUL-4V7P-02/02/13
1301/Upper Lalaja/2A/100NCD60/DSC_1918.JPG,FUL-ZF8V-02/02/13,FUL-2F8V-02/02/13,FUL-2F8V-02/02/13
1301/Caigual/21B/100NCD90/DSC_0078.JPG,FCA-1V4P-01/21/13,FCA-1V4P-01/21/13,FCA-1V4P-01/21/13
1301/Upper Lalaja/4B/100NCD60/DSC_1978.JPG,MUL-1080-002/04/13,MUL-1O8O-002/04/13,MUL-1O8O-002/04/13
1301/Upper Lalaja/2B/102NCD90/DSC_0034.JPG,FUL-SW6G-02/02/13,FUL-5W6G-02/02/13,FUL-5W6G-02/02/13
1301/Upper Lalaja/4B/100NCD60/DSC_2129.JPG,FUL-IP3N-002/04/13,FUL-1P3N-002/04/13,FUL-1P3N-002/04/13
1301/Lower Lalaja/28A/100NCD60/DSC_1758.JPG,MLL-102F-01/28/13,MLL-1O2F-01/28/13,MLL-1O2F-01/28/13
1301/Upper Lalaja/4A/100NCD90/DSC_0054.JPG,FUL-507R-002/04/13,FUL-5O7R-002/04/13,FUL-5O7R-002/04/13
1301/Upper Lalaja/2B/102NCD90/DSC_0117.JPG,FUL-1-F-2-F-8-V-02/02/13,FUL-1F2F8V-02/02/13,FUL-1F2F8V-02/02/13
1301/Taylor/24B/100NCD60/DSC_1512.JPG,FTY-3476-01/24/13,FTY-3Y7G-01/24/13,FTY-3G6K-01/24/13
1301/Taylor/23B/100NCD90/DSC_0009.JPG,FTY-3-4-8-P-01/23/13,FTY-3Y8P-01/23/13,FTY-3Y8P-01/23/13
1301/Upper Lalaja/2B/102NCD90/DSC_0060.JPG,MUL-TYGY-02/02/13,MUL-1Y6Y-02/02/13,MUL-1Y6Y-02/02/13
1301/Upper Lalaja/2A/100NCD60/DSC_1837.JPG,FUL-3W7K-02/02/13,FUL-3W7K-02/02/13,FUL-3W7K-02/02/13
1301/Lower Lalaja/27A/100NCD60/DSC_1557.JPG,FLL-IFBR-01/27/13,FLL-1F3R-01/27/13,FLL-1F8R-01/27/13
1301/Taylor/23B/100NCD90/DSC_0027.JPG,FTY-*-7768-01/23/13,FTY-7Y6F-01/23/13,FTY-2Y6R-01/23/13
1301/Taylor/23B/100NCD90/DSC_0029.JPG,FTY-IGSY-01/23/13,FTY-1G5Y-01/23/13,FTY-1G5Y-01/23/13
1301/Lower Lalaja/27B/100NCD90/DSC_0093.JPG,FLL-4W8W-01/27/13,FLL-4W8W-01/27/13,FLL-4W8W-01/27/13
1301/Upper Lalaja/2A/100NCD60/DSC_1941.JPG,FUL-5VGN-02/02/13,FUL-5V6N-02/02/13,FUL-5V6N-02/02/13
1301/Upper Lalaja/2B/102NCD90/DSC_0101.JPG,FUL-5U8V-02/02/13,FUL-5V8V-02/02/13,FUL-5V8V-02/02/13
1301/Taylor/23B/100NCD90/DSC_0122.JPG,FTY-IB5G-01/23/13,FTY-1B5G-01/23/13,FTY-1B5G-01/23/13
1301/Taylor/23B/100NCD90/DSC_0026.JPG,FTY-223V-01/23/13,FTY-2S3V-01/23/13,FTY-2R3V-01/23/13
1301/Upper Lalaja/4B/100NCD60/DSC_1971.JPG,MUL-657-R-002/04/13,MUL-6S7R-002/04/13,MUL-6S7R-002/04/13
1301/Taylor/23B/100NCD90/DSC_0110.JPG,FTY-1W2W6S-01/23/13,FTY-1W2W6S-01/23/13,FTY-1W2W6S-01/23/13
1301/Caigual/21B/100NCD90/DSC_0049.JPG,FCA-IB3-B-01/21/13,FCA-1B3B-01/21/13,FCA-1B3B-01/21/13
1301/Upper Lalaja/4A/100NCD90/DSC_0091.JPG,FULA-4F8P-002/04/13,FULA-4F8P-002/04/13,FUL-4F8P-002/04/13
1301/Taylor/23A/100NCD60/DSC_1279.JPG,MTY-5R8R-01/23/13,MTY-5R8R-01/23/13,MTY-5R8R-01/23/13
1301/Lower Lalaja/27B/100NCD90/DSC_0046.JPG,FLL-ZUSE-01/27/13,FLL-2V5F-01/27/13,FLL-2V5F-01/27/13
1301/Lower Lalaja/27A/100NCD60/DSC_1681.JPG,MLL-4R6K-01/27/13,MLL-4R6K-01/27/13,MLL-4R6K-01/27/13
1301/Lower Lalaja/28A/100NCD60/DSC_1803.JPG,MLL-TRG-B-6-01/28/13,MLL-1R6B6-01/28/13,MLL-1R6B-01/28/13
1301/Taylor/23B/100NCD90/DSC_0080.JPG,FTY-3V5B-01/23/13,FTY-3V5B-01/23/13,FTY-3V5B-01/23/13
1301/Upper Lalaja/2A/100NCD60/DSC_1798.JPG,MUL-247B-02/02/13,MUL-2Y7B-02/02/13,MUL-2Y7B-02/02/13
1301/Taylor/23A/100NCD60/DSC_1406.JPG,MTY-5RBY-01/23/13,MTY-5R3Y-01/23/13,MTY-5R8Y-01/23/13
1301/Taylor/23A/100NCD60/DSC_1389.JPG,MTY-60-3B6Y-01/23/13,MTY-6O3B6Y-01/23/13,MTY-3B6Y-01/23/13
1301/Upper Lalaja/2A/100NCD60/DSC_1820.JPG,MUL-3K4B-02/02/13,MUL-3K4B-02/02/13,MUL-3K4B-02/02/13
1301/Taylor/23A/100NCD60/DSC_1416.JPG,MTY-108B-01/23/13,MTY-1O8B-01/23/13,MTY-1O8B-01/23/13
1301/Taylor/23B/100NCD90/DSC_0151.JPG,*-FTY-7K8Y-01/23/13,FTY-7K8Y-01/23/13,FTY-7K8Y-01/23/13
1301/Lower Lalaja/27A/100NCD60/DSC_1587.JPG,MLL-1-LFS₂0-01/27/13,MLL-1LFS0-01/27/13,MLL-2F5O-01/27/13
1301/Upper Lalaja/4B/100NCD60/DSC_2003.JPG,MUL-6N7N-002/04/13,MUL-6N7N-002/04/13,MUL-6N7N-002/04/13
1301/Taylor/23A/100NCD60/DSC_1353.JPG,MTY-568B-01/23/13,MTY-5G8B-01/23/13,MTY-5G8B-01/23/13
1301/Lower Lalaja/27A/100NCD60/DSC_1579.JPG,FLL-4PSW-01/27/13,FLL-4P5W-01/27/13,FLL-4P5W-01/27/13
1301/Upper Lalaja/2A/100NCD60/DSC_1914.JPG,5662-02/02/13,1--02/02/13,FUL-5G6R-02/02/13
1301/Taylor/23A/100NCD60/DSC_1342.JPG,MTY-2W3V-01/23/13-22,MTY-2W3V-01/23/13,MTY-2W3V-01/23/13
1301/Upper Lalaja/2A/100NCD60/DSC_1773.JPG,MUL-I-GYV-02/02/13,MUL-1G7V-02/02/13,MUL-1G4V-02/02/13
1301/Lower Lalaja/27B/100NCD90/DSC_0082.JPG,FLL-3080-01/27/13,FLL-3O8O-01/27/13,FLL-3O8V-01/27/13
1301/Caigual/21A/101NCD60/DSC_1094.JPG,FCA-6876-01/21/13,FCA-6F7G-01/21/13,FCA-6B7G-01/21/13
1301/Upper Lalaja/4B/100NCD60/DSC_2000.JPG,MUL-TH-002/04/13,MUL-1H-002/04/13,MUL-3F4W-002/04/13
1301/Taylor/23A/100NCD60/DSC_1407.JPG,MTY-1K7W-01/23/13,MTY-1K7W-01/23/13,MTY-1K7W-01/23/13
1301/Taylor/24A/100NCD90/DSC_0038.JPG,FTY-187R-01/24/13,FTY-1F7R-01/24/13,FTY-1B7R-01/23/13
1301/Caigual/21A/101NCD60/DSC_1189.JPG,MCA-507P-01/21/13,MCA-5O7P-01/21/13,MCA-5O7P-01/21/13
1301/Lower Lalaja/28A/101NCD60/DSC_1706.JPG,FLL-IP7P-01/28/13,FLL-1P7P-01/28/13,FLL-1P7P-01/28/13
1301/Caigual/21A/101NCD60/DSC_1198.JPG,MCA-3R4V-01/21/13,MCA-3R4V-01/21/13,MCA-3R4V-01/21/13
1301/Taylor/24B/100NCD60/DSC_1491.JPG,FTY-6-P7-P-01/24/13,FTY-6P7P-01/24/13,FTY-6P7P-01/24/13
1301/Upper Lalaja/2B/102NCD90/DSC_0080.JPG,FUL-2576-02/02/13,FUL-2S7G-02/02/13,FUL-2S7G-02/02/13
1301/Taylor/23A/100NCD60/DSC_1252.JPG,MTY-2R5P-01/23/13,MTY-2R5P-01/23/13,MTY-2R5P-01/23/13
1301/Lower Lalaja/27A/100NCD60/DSC_1544.JPG,FLL-57-80-01/27/13,FLL-5Y8O-01/27/13,FLL-5K8O-01/27/13
1301/Lower Lalaja/28B/100NCD90/DSC_0072.JPG,FLL-7V8B-01/28/13,FLL-7V8B-01/28/13,FLL-7V8B-01/28/13
1301/Caigual/21A/101NCD60/DSC_1107.JPG,FCA-IWGR-01/21/13,FCA-1W6R-01/21/13,FCA-1W6R-01/21/13
1301/Upper Lalaja/4B/100NCD60/DSC_2009.JPG,MUL-IN50-002/04/13,MUL-1N5O-002/04/13,MUL-1N5O-002/04/13
1301/Upper Lalaja/4B/100NCD60/DSC_2018.JPG,MUL-&-IW5F-W5-002/04/13,MUL-1W5FW5-002/04/13,MUL-1W5F-002/04/13
1301/Upper Lalaja/2A/100NCD60/DSC_1800.JPG,C-MUL-2R60-02/02/13,MUL-2R6O-02/02/13,MUL-2R6O-02/02/13
1301/Lower Lalaja/28B/100NCD90/DSC_0116.JPG,FLL-366W-01/28/13,FLL-3G6W-01/28/13,FLL-3G6W-01/28/13
1301/Upper Lalaja/2B/102NCD90/DSC_0134.JPG,FUL-1K-80-02/02/13,FUL-1K8O-02/02/13,FUL-1K8O-02/02/13
1301/Upper Lalaja/4A/100NCD90/DSC_0039.JPG,FUL-IP2Y-002/04/13,FUL-1P2Y-002/04/13,FUL-1P2Y-002/04/13
1301/Lower Lalaja/27A/100NCD60/DSC_1651.JPG,MLL-ZWYP-01/27/13-A,MLL-2W7P-01/27/13,MLL-2W4P-01/27/13
1301/Lower Lalaja/27A/100NCD60/DSC_1593.JPG,MLL-4F8W-01/27/13,MLL-4F8W-01/27/13,MLL-4F8W-01/27/13
1301/Lower Lalaja/27A/100NCD60/DSC_1679.JPG,MLL-ZN-BF-01/27/13,MLL-2N3F-01/27/13,MLL-2N8F-01/27/13
1301/Caigual/21A/101NCD60/DSC_1087.JPG,FCA-3B6W-01/21/13,FCA-3B6W-01/21/13,FCA-3B6W-01/21/13
1301/Lower Lalaja/27A/100NCD60/DSC_1541.JPG,FLL-3B8Y-01/27/13,FLL-3B8Y-01/27/13,FLL-3B8Y-01/27/13
1301/Lower Lalaja/28B/100NCD90/DSC_0122.JPG,FLL-4R7P-01/28/13,FLL-4R7P-01/28/13,FLL-4R7P-01/28/13
1301/Upper Lalaja/2A/100NCD60/DSC_1878.JPG,FUL-SWOB-02/02/13,FUL-5WOB-02/02/13,FUL-5W6B-02/02/13
1301/Lower Lalaja/28A/101NCD60/DSC_1749.JPG,FLL-3P8P-01/28/13,FLL-3P8P-01/28/13,FLL-3P8P-01/28/13
1301/Lower Lalaja/28B/100NCD90/DSC_0118.JPG,FLL-2P7G-01/28/13,FLL-2P7G-01/28/13,FLL-2P7G-01/28/13
1301/Taylor/23B/100NCD90/DSC_0057.JPG,FTY-1074-01/23/13,FTY-1O7Y-01/23/13,FTY-1O7Y-01/23/13
1301/Lower Lalaja/28A/101NCD60/DSC_1693.JPG,FLL-7W8V-01/28/13-25,FLL-7W8V-01/28/13,FLL-7W8V-01/28/13
1301/Upper Lalaja/4A/100NCD90/DSC_0046.JPG,MUL-IF-4W-002/04/13,MUL-1F4W-002/04/13,MUL-1F4W-002/04/13
1301/Taylor/23B/100NCD90/DSC_0062.JPG,FTY-4G7K-01/23/13,FTY-4G7K-01/23/13,FTY-4G7K-01/23/13
1301/Lower Lalaja/27A/100NCD60/DSC_1637.JPG,MLL-5G6P-01/27/13,MLL-5G6P-01/27/13,MLL-5G6P-01/27/13
1301/Lower Lalaja/28B/100NCD90/DSC_0123.JPG,FLL-4056-01/28/13,FLL-4O5G-01/28/13,FLL-4O5W-01/28/13
1301/Lower Lalaja/28B/100NCD90/DSC_0081.JPG,FLL-IR3W-01/28/13,FLL-1R3W-01/28/13,FLL-1R3W-01/28/13
1301/Caigual/21B/100NCD90/DSC_0046.JPG,FCA-1W3B-01/21/13,FCA-1W3B-01/21/13,FCA-1W3B-01/21/13
1301/Upper Lalaja/4B/100NCD60/DSC_2125.JPG,FUL-O-TR55-11-5-$-002/04/13,FUL-OTRS5115-002/04/13,FUL-1R5S-002/04/13
1301/Taylor/23A/100NCD60/DSC_1251.JPG,MTY-A-3W8G-01/23/13,MTY-7BWF6-01/23/13,MTY-3W8G-01/23/13
1301/Lower Lalaja/27A/100NCD60/DSC_1667.JPG,MLL-2F4Y-01/27/13,MLL-2F4Y-01/27/13,MLL-2F4Y-01/27/13
1301/Upper Lalaja/4A/100NCD90/DSC_0068.JPG,FUL-2V7Y-002/04/13,FUL-2V7Y-002/04/13,FUL-2V7Y-002/04/13
1301/Lower Lalaja/27B/100NCD90/DSC_0067.JPG,FLL-358P-01/27/13,FLL-3S8P-01/27/13,FLL-3F8P-01/27/13
1301/Lower Lalaja/27A/100NCD60/DSC_1552.JPG,FLL-3660-01/27/13,FLL-3G6O-01/27/13,FLL-3G6O-01/27/13
1301/Lower Lalaja/27A/100NCD60/DSC_1535.JPG,FLL-467-V-01/27/13,FLL-4G7V-01/27/13,FLL-4G7V-01/27/13
1301/Upper Lalaja/2A/100NCD60/DSC_1900.JPG,FUL-IRYW-02/02/13,FUL-1R7W-02/02/13,FUL-1R4W-02/02/13
1301/Taylor/23A/100NCD60/DSC_1428.JPG,MTY-&-3060-01/23/13,MTY-3O6O-01/23/13,MTY-3O6W-01/23/13
1301/Caigual/21A/101NCD60/DSC_1178.JPG,MCA-IBER-01/21/13,MCA-1B8R-01/21/13,MCA-1B8R-01/21/13
1301/Taylor/24A/100NCD90/DSC_0029.JPG,FTY-5676-01/24/13,FTY-5G7G-01/24/13,FTY-5G7G-01/24/13
1301/Taylor/24A/100NCD90/DSC_0048.JPG,FTY-SR8P-01/24/13,FTY-5R8P-01/24/13,FTY-5R8P-01/24/13
1301/Taylor/24B/100NCD60/DSC_1477.JPG,FTY-IV-41-01/24/13,FTY-1V4I-01/24/13,FTY-1V4R-01/24/13
1301/Caigual/21A/101NCD60/DSC_1159.JPG,FCA-JUZB-01/21/13,FCA-JV2B-01/21/13,FCA-1V2B-01/21/13
1301/Upper Lalaja/4B/100NCD60/DSC_1996.JPG,B-MUL-6GOS-002/04/13,MUL-6GOS-002/04/13,MUL-6G8S-002/04/13
1301/Caigual/21B/100NCD90/DSC_0076.JPG,FCA-4076-01/21/13,FCA-4O7G-01/21/13,FCA-4P7G-01/21/13
1301/Upper Lalaja/2A/100NCD60/DSC_1908.JPG,MUL-105V-02/02/13,MUL-1O5V-02/02/13,MUL-1O5V-02/02/13
1301/Taylor/23A/100NCD60/DSC_1365.JPG,MTY-(-WOW-01/23/13,MTY-1WOW-01/23/13,MTY-1W6W-01/23/13
1301/Caigual/21A/101NCD60/DSC_1155.JPG,FCA-4G6B-01/21/13,FCA-4G6B-01/21/13,FCA-4G6B-01/21/13
1301/Lower Lalaja/27A/100NCD60/DSC_1613.JPG,MLL-5Y7P-01/27/13,MLL-5Y7P-01/27/13,MLL-5Y7P-01/27/13
1301/Taylor/23A/100NCD60/DSC_1313.JPG,MTY-3R8B-01/23/13,MTY-3R8B-01/23/13,MTY-3R8R-01/23/13
1301/Lower Lalaja/28A/100NCD60/DSC_1713.JPG,MLL-4K8Y-01/28/13,MLL-4K8Y-01/28/13,MLL-4K8Y-01/28/13
1301/Upper Lalaja/4A/100NCD90/DSC_0083.JPG,FUL-3366-002/04/13,FUL-3B6G-002/04/13,FUL-3B6G-002/04/13
1301/Lower Lalaja/28A/101NCD60/DSC_1686.JPG,FLL-506P-01/28/13,FLL-5O6P-01/28/13,FLL-5O6P-01/28/13
1301/Taylor/23A/100NCD60/DSC_1345.JPG,MTY-5486-01/23/13,MTY-5Y8G-01/23/13,MTY-5G8G-01/23/13
1301/Taylor/24A/100NCD90/DSC_0057.JPG,FTY-2P5V-01/24/13,FTY-2P5V-01/24/13,FTY-2P5V-01/24/13
1301/Caigual/21A/101NCD60/DSC_1088.JPG,FCA-TV4K-01/21/13,FCA-1V4K-01/21/13,FCA-1V4K-01/21/13
1301/Upper Lalaja/4A/100NCD90/DSC_0110.JPG,FUL-4R7W-002/04/13,FUL-4R7W-002/04/13,FUL-4R7W-002/04/13
1301/Lower Lalaja/28A/100NCD60/DSC_1779.JPG,MLL-205R-01/28/13,MLL-2O5R-01/28/13,MLL-2O5R-01/28/13
1301/Caigual/21A/101NCD60/DSC_1224.JPG,MCA-5672776-01/21/13,MCA-5G7S776-01/21/13,MCA-5G7G-01/21/13
1301/Taylor/23A/100NCD60/DSC_1420.JPG,MTY-2G3W-01/23/13,MTY-2G3W-01/23/13,MTY-2G3W-01/23/13
1301/Upper Lalaja/4A/100NCD90/DSC_0002.JPG,FUL-SEGN-002/04/13,FUL-5F6N-002/04/13,FUL-5F6N-002/04/13
1301/Caigual/21A/101NCD60/DSC_1185.JPG,MCA-6R7Y-01/21/13,MCA-6R7Y-01/21/13,MCA-6R7Y-01/21/13
1301/Lower Lalaja/27B/100NCD90/DSC_0070.JPG,FLL-SB76-01/27/13,FLL-5B7G-01/27/13,FLL-5B7G-01/27/13
1301/Lower Lalaja/27A/100NCD60/DSC_1588.JPG,MLL-2-G6K-01/27/13,MLL-2G6K-01/27/13,MLL-2G6K-01/27/13
1301/Lower Lalaja/28A/101NCD60/DSC_1720.JPG,Q-FLL-5P8K-01/28/13,FLL-5P8K-01/28/13,FLL-5P8K-01/28/13
1301/Lower Lalaja/27A/100NCD60/DSC_1578.JPG,FLL-HVSK-01/27/13,FLL-HV5K-01/27/13,FLL-4V5K-01/27/13
1301/Taylor/23A/100NCD60/DSC_1285.JPG,MTY-2V30-01/23/13,MTY-2V3O-01/23/13,MTY-2V3O-01/23/13
1301/Taylor/24B/100NCD60/DSC_1497.JPG,FTY-O-7R8K-01/24/13,FTY-OYRFK-01/24/13,FTY-7R8K-01/24/13
1301/Lower Lalaja/27A/100NCD60/DSC_1670.JPG,MLL-3F5G-01/27/13,MLL-3F5G-01/27/13,MLL-3F5G-01/27/13
1301/Taylor/24A/100NCD90/DSC_0052.JPG,FTY-3075-01/24/13,FTY-3O7S-01/24/13,FTY-3O7S-01/24/13
1301/Lower Lalaja/28B/100NCD90/DSC_0062.JPG,FLL-6B8K-01/28/13,FLL-6B8K-01/28/13,FLL-6B8K-01/28/13
1301/Lower Lalaja/28A/100NCD60/DSC_1737.JPG,MLL-2K50-01/28/13,MLL-2K5O-01/28/13,MLL-2K5O-01/28/13
1301/Lower Lalaja/27A/100NCD60/DSC_1644.JPG,MLL-2P5K-01/27/13,MLL-2P5K-01/27/13,MLL-2P5K-01/27/13
1301/Caigual/21B/100NCD90/DSC_0075.JPG,FCA-3B8W-01/21/13,FCA-3B8W-01/21/13,FCA-3B8W-01/21/13
1301/Taylor/23B/100NCD90/DSC_0091.JPG,FTY-1540-01/23/13,FTY-1S4O-01/23/13,FTY-1S4O-01/23/13
1301/Lower Lalaja/28A/101NCD60/DSC_1696.JPG,FLL-4W60-01/28/13,FLL-4W6O-01/28/13,FLL-4W6O-01/28/13
1301/Upper Lalaja/2A/100NCD60/DSC_1872.JPG,MUL-548N-02/02/13,MUL-5Y8N-02/02/13,MUL-5G8N-02/02/13
1301/Lower Lalaja/28A/100NCD60/DSC_1759.JPG,MLL-GRAK-01/28/13,MLL-6R7K-01/28/13,MLL-6R7K-01/28/13
1301/Upper Lalaja/2A/100NCD60/DSC_1930.JPG,FUL-IB2Y-02/02/13,FUL-1B2Y-02/02/13,FUL-1B2Y-02/02/13
1301/Caigual/21B/100NCD90/DSC_0023.JPG,FCA-*-3-+-7W-01/21/13,FCA-3G7W-01/21/13,FCA-3G7W-01/21/13
1301/Lower Lalaja/27B/100NCD90/DSC_0037.JPG,FLL-3R7R-01/27/13,FLL-3R7R-01/27/13,FLL-3R7R-01/27/13
1301/Taylor/24B/100NCD60/DSC_1470.JPG,FTY-IV3Y-01/24/13,FTY-1V3Y-01/24/13,FTY-1V3Y-01/24/13
1301/Upper Lalaja/2A/100NCD60/DSC_1780.JPG,MUL-INSB-02/02/13,MUL-1N5B-02/02/13,MUL-1N5B-02/02/13
1301/Taylor/23A/100NCD60/DSC_1385.JPG,MTY-2W8W-01/23/13,MTY-2W8W-01/23/13,MTY-2W8W-01/23/13
1301/Taylor/23A/100NCD60/DSC_1415.JPG,MTY-1K3W-01/23/13,MTY-1K3W-01/23/13,MTY-1K3W-01/23/13
1301/Taylor/23B/100NCD90/DSC_0037.JPG,FTY-5V8Y-01/23/13,FTY-5V8Y-01/23/13,FTY-5V8Y-01/23/13
1301/Taylor/23A/100NCD60/DSC_1343.JPG,MTY-2V-3G-01/23/13,MTY-2V3G-01/23/13,MTY-2V3G-01/23/13
1301/Taylor/24A/100NCD90/DSC_0017.JPG,FTY-3PGW-01/24/13,FTY-3P6W-01/24/13,FTY-3P6W-01/24/13
1301/Caigual/21B/100NCD90/DSC_0014.JPG,8-FCA-X-205W-01/21/13,FCA-XS0SW-01/21/13,FCA-2O5W-01/21/13
1301/Taylor/24B/100NCD60/DSC_1528.JPG,FTY-2030-01/24/13,FTY-2O3O-01/24/13,FTY-2O3O-01/24/13
1301/Lower Lalaja/28A/100NCD60/DSC_1717.JPG,MLL-5681-01/28/13,MLL-5G8I-01/28/13,MLL-5G8Y-01/28/13
1301/Upper Lalaja/2A/100NCD60/DSC_1791.JPG,MUL-1F5W-02/02/13,MUL-1F5W-02/02/13,MUL-1F5W-02/02/13
1301/Upper Lalaja/4B/100NCD60/DSC_2092.JPG,FUL-4K8B-002/04/13,FUL-4K8B-002/04/13,FUL-4K8B-002/04/13
1301/Taylor/23B/100NCD90/DSC_0185.JPG,FTY-01/23/13,FTY--01/23/13,FTY-4K7R-01/23/13
1301/Caigual/21B/100NCD90/DSC_0085.JPG,MCA-3R4B-01/21/13,MCA-3R4B-01/21/13,MCA-3K4B-01/21/13
1301/Lower Lalaja/28A/100NCD60/DSC_1778.JPG,MLL-W7B-01/28/13,MLL-WY3-01/28/13,MLL-1W7B-01/28/13
1301/Upper Lalaja/4B/100NCD60/DSC_1970.JPG,MUL-IS2N-002/04/13,MUL-1S2N-002/04/13,MUL-1S2N-002/04/13
1301/Taylor/24A/100NCD90/DSC_0020.JPG,FTY-2050-01/24/13,FTY-2O5O-01/24/13,FTY-2V5V-01/24/13
1301/Lower Lalaja/28A/101NCD60/DSC_1692.JPG,FLL-P-1R3F8F-01/28/13,FLL-PIRBF8F-01/28/13,FLL-1R3F8F-01/28/13
1301/Taylor/23B/100NCD90/DSC_0190.JPG,FTY-508P-01/23/13,FTY-5O8P-01/23/13,FTY-5O8P-01/23/13
1301/Lower Lalaja/27B/100NCD90/DSC_0055.JPG,FLL-1936-01/27/13,FLL-193G-01/27/13,FLL-1Y3G-01/27/13
1301/Taylor/24A/100NCD90/DSC_0016.JPG,MPTY-1621-01/24/13,MPTY-1G2I-01/24/13,FTY-1G2K-01/24/13
1301/Lower Lalaja/27B/100NCD90/DSC_0031.JPG,FLL-364446-01/27/13,FLL-3G4Y46-01/27/13,FLL-3W4G-01/27/13
1301/Lower Lalaja/27A/100NCD60/DSC_1653.JPG,MLL-5R6F-01/27/13,MLL-5R6F-01/27/13,MLL-5R6F-01/27/13
1301/Taylor/23B/100NCD90/DSC_0148.JPG,FTY-1WGY-01/23/13,FTY-1W6Y-01/23/13,FTY-1W6V-01/23/13
1301/Upper Lalaja/2A/100NCD60/DSC_1836.JPG,MUL-5865-02/02/13,MUL-5F6S-02/02/13,MUL-5B6S-02/02/13
1301/Upper Lalaja/4A/100NCD90/DSC_0011.JPG,FUL-4P6F-002/04/13,FUL-4P6F-002/04/13,FUL-4P6F-002/04/13
1301/Lower Lalaja/27B/100NCD90/DSC_0013.JPG,FLL-3F56-01/27/13,FLL-3F5G-01/27/13,FLL-3F5G-01/27/13
1301/Upper Lalaja/4A/100NCD90/DSC_0005.JPG,FUL-SV60-002/04/13,FUL-5V6O-002/04/13,FUL-5V6O-002/04/13
1301/Upper Lalaja/4B/100NCD60/DSC_2107.JPG,FUL-2P4E-002/04/13,FUL-2P4F-002/04/13,FUL-2P4F-002/04/13
1301/Lower Lalaja/28B/100NCD90/DSC_0137.JPG,FLL-2P7W-01/28/13,FLL-2P7W-01/28/13,FLL-2P7W-01/28/13
1301/Taylor/23B/100NCD90/DSC_0128.JPG,F-MITY-2065-01/23/13,F-MI1Y2065-01/23/13,FTY-2O6S-01/23/13
1301/Caigual/21B/100NCD90/DSC_0035.JPG,FCA-5R6W-01/21/13,FCA-5R6W-01/21/13,FCA-5R6W-01/21/13
1301/Lower Lalaja/28A/101NCD60/DSC_1732.JPG,DOOD-FLL-3B4B76-01/28/13,FLL-3B4B76-01/28/13,FLL-3B4B7G-01/28/13
1301/Lower Lalaja/28B/100NCD90/DSC_0058.JPG,FLL-2RSY-01/28/13,FLL-2R5Y-01/28/13,FLL-2R5Y-01/28/13
1301/Upper Lalaja/2B/102NCD90/DSC_0138.JPG,FUL-3P4G-02/02/13,FUL-3P4G-02/02/13,FUL-3P4G-02/02/13
1301/Taylor/23A/100NCD60/DSC_1362.JPG,MTY-2K6B-01/23/13,MTY-2K6B-01/23/13,MTY-2K6B-01/23/13
1301/Upper Lalaja/4A/100NCD90/DSC_0101.JPG,FUL-2B-3B50-002/04/13,FUL-2B3B50-002/04/13,FUL-2B3B5O-002/04/13
1301/Caigual/21A/101NCD60/DSC_1165.JPG,MCA-263K-01/21/13,MCA-2G3K-01/21/13,MCA-2G3K-01/21/13
1301/Upper Lalaja/2B/102NCD90/DSC_0119.JPG,FUL-3-WSR-02/02/13,FUL-3W5R-02/02/13,FUL-3W5R-02/02/13
1301/Upper Lalaja/2A/100NCD60/DSC_1825.JPG,MUL-1G6B-02/02/13-H,MUL-1G6B-02/02/13,MUL-1G6B-02/02/13
1301/Caigual/21B/100NCD90/DSC_0067.JPG,FCA-UWAR-01/21/13,FCA-4W7R-01/21/13,FCA-4W7R-01/21/13
1301/Taylor/23B/100NCD90/DSC_0008.JPG,FTY-3R8G-01/23/13,FTY-3R8G-01/23/13,FTY-3R8G-01/23/13
1301/Lower Lalaja/28B/100NCD90/DSC_0009.JPG,FLL-5KGV-01/28/13,FLL-5K6V-01/28/13,FLL-5K6V-01/28/13
1301/Upper Lalaja/2B/102NCD90/DSC_0133.JPG,FUL-4F6N-02/02/13,FUL-4F6N-02/02/13,FUL-4F6N-02/02/13
1301/Taylor/23B/100NCD90/DSC_0105.JPG,FTY-IGGR-01/23/13,FTY-1G6R-01/23/13,FTY-1G6R-01/23/13
1301/Taylor/23B/100NCD90/DSC_0153.JPG,FTY-1585-01/23/13,FTY-1S8S-01/23/13,FTY-1S8S-01/23/13
1301/Upper Lalaja/4A/100NCD90/DSC_0010.JPG,FUL-ZP6K-002/04/13,FUL-2P6K-002/04/13,FUL-2P6K-002/04/13
1301/Upper Lalaja/2A/100NCD60/DSC_1828.JPG,MUL-3R4B-02/02/13,MUL-3R4B-02/02/13,MUL-3R4B-02/02/13
1301/Taylor/23B/100NCD90/DSC_0146.JPG,FTY-2-1-7-5-01/23/13,FTY-2I7S-01/23/13,FTY-2Y7S-01/23/13
1301/Lower Lalaja/28A/100NCD60/DSC_1734.JPG,MLL-ZB-7K-01/28/13,MLL-2B7K-01/28/13,MLL-2B7K-01/28/13
1301/Lower Lalaja/28A/101NCD60/DSC_1745.JPG,FLL-5Y6P-01/28/13,FLL-5Y6P-01/28/13,FLL-5Y6P-01/28/13
1301/Taylor/23B/100NCD90/DSC_0007.JPG,FTY-X-*-6B7B-01/23/13,FTY-XG3Y3-01/23/13,FTY-6B7B-01/23/13
1301/Upper Lalaja/4B/100NCD60/DSC_2118.JPG,FUL-IVBW-002/04/13,FUL-1V3W-002/04/13,FUL-1V8W-002/04/13
1301/Lower Lalaja/27A/100NCD60/DSC_1605.JPG,MLL-5Y70-01/27/13,MLL-5Y7O-01/27/13,MLL-5Y7O-01/27/13
1301/Taylor/23B/100NCD90/DSC_0161.JPG,FTY-406R-01/23/13,FTY-4O6R-01/23/13,FTY-4O6R-01/23/13
1301/Taylor/23A/100NCD60/DSC_1332.JPG,MTY-4066-01/23/13,MTY-4O6G-01/23/13,MTY-4O6W-01/23/13
1301/Upper Lalaja/4B/100NCD60/DSC_2023.JPG,MUL-3K7F-002/04/13,MUL-3K7F-002/04/13,MUL-3K7F-002/04/13
1301/Taylor/24A/100NCD90/DSC_0023.JPG,FTY-5W7R-01/24/13,FTY-5W7R-01/24/13,FTY-5W7R-01/24/13
1301/Caigual/21A/101NCD60/DSC_1100.JPG,FCA-IRFR-71-01/21/13,FCA-1RFR71-01/21/13,FCA-1R7R-01/21/13
1301/Taylor/24B/100NCD60/DSC_1511.JPG,Y-306G-01/24/13,1--01/24/13,FTY-306G-01/24/13
1301/Lower Lalaja/27B/100NCD90/DSC_0038.JPG,FLL-1W3R-01/27/13,FLL-1W3R-01/27/13,FLL-1W4R-01/27/13
1301/Lower Lalaja/27B/100NCD90/DSC_0060.JPG,FLL-3R7P-01/27/13,FLL-3R7P-01/27/13,FLL-3R7P-01/27/13
1301/Lower Lalaja/28A/100NCD60/DSC_1808.JPG,FLL-ZP8R-01/28/13,FLL-2P8R-01/28/13,FLL-2P8R-01/28/13
1301/Taylor/23B/100NCD90/DSC_0133.JPG,FTY-123N-01/23/13,FTY-1S3N-01/23/13,FTY-1R3N-01/23/13
1301/Upper Lalaja/2A/100NCD60/DSC_1895.JPG,FUL-4070-02/02/13,FUL-4O7O-02/02/13,FUL-4O7O-02/02/13
1301/Lower Lalaja/28A/100NCD60/DSC_1814.JPG,FLL-5K8P-01/28/13,FLL-5K8P-01/28/13,FLL-5K8P-01/28/13
1301/Upper Lalaja/4A/100NCD90/DSC_0052.JPG,FUL-SW7V-002/04/13,FUL-5W7V-002/04/13,FUL-5W7V-002/04/13
1301/Upper Lalaja/2B/102NCD90/DSC_0019.JPG,FUL-2676-02/02/13,FUL-2G7G-02/02/13,FUL-2G7F-02/02/13
1301/Taylor/24A/100NCD90/DSC_0014.JPG,FTY-2840-01/24/13,FTY-2F4O-01/24/13,FTY-2B4O-01/24/13
1301/Caigual/21B/100NCD90/DSC_0064.JPG,FCA-2R3K-01/21/13,FCA-2R3K-01/21/13,FCA-2R3K-01/21/13
1301/Lower Lalaja/28B/100NCD90/DSC_0028.JPG,FLL-WV7F-01/28/13,FLL-WV7F-01/28/13,FLL-1V7F-01/28/13
1301/Caigual/21A/101NCD60/DSC_1056.JPG,FCA-IRGY-R6-01/21/13,FCA-1R6YR6-01/21/13,FCA-1R6Y-01/21/13
1301/Lower Lalaja/28A/101NCD60/DSC_1734.JPG,FLL-3V7K-01/28/13,FLL-3V7K-01/28/13,FLL-3V7K-01/28/13
1301/Taylor/23A/100NCD60/DSC_1352.JPG,MTY-2B762-01/23/13,MTY-2B7G2-01/23/13,MTY-2B7G-01/23/13
1301/Taylor/23A/100NCD60/DSC_1327.JPG,MTY-3WER-01/23/13,MTY-3W8R-01/23/13,MTY-3W5R-01/23/13
1301/Caigual/21A/101NCD60/DSC_1139.JPG,FCA-K4W-01/21/13,FCA-KYW-01/21/13,FCA-1K4W-01/21/13
1301/Upper Lalaja/2A/100NCD60/DSC_1818.JPG,MUL-IRZP-02/02/13,MUL-1R2P-02/02/13,MUL-1R2P-02/02/13
1301/Upper Lalaja/4A/100NCD90/DSC_0106.JPG,FUL-2B8Y-002/04/13,FUL-2B8Y-002/04/13,FUL-2B8Y-002/04/13
1301/Lower Lalaja/27B/100NCD90/DSC_0086.JPG,FLL-7B8F-01/27/13,FLL-7B8F-01/27/13,FLL-7B8F-01/27/13
1301/Upper Lalaja/2A/100NCD60/DSC_1887.JPG,FUL-6V8W-02/02/13,FUL-6V8W-02/02/13,FUL-6V8W-02/02/13
1301/Lower Lalaja/28A/101NCD60/DSC_1699.JPG,FLL-3K8V-01/28/13-2,FLL-3K8V-01/28/13,FLL-3K8V-01/28/13
1301/Taylor/23A/100NCD60/DSC_1267.JPG,A-MTY-254P-01/23/13,MTY-2S4P-01/23/13,MTY-2S4P-01/23/13
1301/Upper Lalaja/4A/100NCD90/DSC_0064.JPG,FUL-2R4B-002/04/13,FUL-2R4B-002/04/13,FUL-2R4B-002/04/13
1301/Lower Lalaja/28A/101NCD60/DSC_1708.JPG,FLL-5F6K-01/28/13,FLL-5F6K-01/28/13,FLL-5F6K-01/28/13
1301/Upper Lalaja/4B/100NCD60/DSC_2088.JPG,FUL-O-4480-002/04/13,FUL-OY4F0-002/04/13,FUL-4Y8O-002/04/13
1301/Taylor/24B/100NCD60/DSC_1450.JPG,FTY-4P6-B-01/24/13,FTY-4P6B-01/24/13,FTY-4P6B-01/24/13
1301/Taylor/23A/100NCD60/DSC_1443.JPG,MTY-2V8V-01/23/13,MTY-2V8V-01/23/13,MTY-2V8V-01/23/13
1301/Caigual/21A/101NCD60/DSC_1117.JPG,FCA-&-4-B7-B-01/21/13,FCA-4B7B-01/21/13,FCA-4B7B-01/21/13
1301/Upper Lalaja/4B/100NCD60/DSC_2028.JPG,MUL-257K-002/04/13,MUL-2S7K-002/04/13,MUL-2W7K-002/04/13
1301/Taylor/23A/100NCD60/DSC_1358.JPG,MTY-3B5R-01/23/13,MTY-3B5R-01/23/13,MTY-3B5R-01/23/13
1301/Lower Lalaja/28A/101NCD60/DSC_1735.JPG,FLL-&-6087-01/28/13,FLL-6O8Y-01/28/13,FLL-6O8Y-01/28/13
1301/Upper Lalaja/2B/102NCD90/DSC_0025.JPG,FUL-2NGR-02/02/13,FUL-2N6R-02/02/13,FULL-2N6R-02/02/13
1301/Lower Lalaja/28A/100NCD60/DSC_1815.JPG,FLL-3B7W-01/28/13,FLL-3B7W-01/28/13,FLL-3B7W-01/28/13
